review_id,input_text,highlighted_span,disposition,confidence,reason_category,natural_context_ok,suspected_ambiguity,reviewer_notes
V3R-0144779dffa0,branch ledger: monthly entry ra hajurko baaki milaaune,hajurko,,,,,,
V3R-0228296f375e,Please update the duty field in the English settings panel,duty,,,,,,
V3R-0286e45724ec,Please update the match field in the English settings panel,match,,,,,,
V3R-031a92ca68a7,aaja post ko hisab milaaidim ra baaki clear gara,post,,,,,,
V3R-035b2c80b5b1,Do not transliterate the word audit in this English sentence,audit,,,,,,
V3R-03e8397435fb,Accounting staff asked about quarter settings in Ask MokXya,quarter,,,,,,
V3R-043586fd5df0,Please update the label field in the English settings panel,label,,,,,,
V3R-05105636435e,check bank once before posting — context unclear,bank,,,,,,
V3R-05242bb9eb94,check lot once before posting — context unclear,lot,,,,,,
V3R-057662827656,aaja cash ko hisab milaaidim ra baaki clear gara,cash,,,,,,
V3R-05a7dc77b970,aaja pass ko hisab milaaidim ra baaki clear gara,pass,,,,,,
V3R-05cb2a080641,check graph once before posting — context unclear,graph,,,,,,
V3R-0606c086fc8e,aaja condition ko hisab milaaidim ra baaki clear gara,condition,,,,,,
V3R-0614d057399a,check mail once before posting — context unclear,mail,,,,,,
V3R-0630f37bbd07,aaja balance ko hisab milaaidim ra baaki clear gara,balance,,,,,,
V3R-07c7de2cb07c,check post once before posting — context unclear,post,,,,,,
V3R-085639d1a2e2,aaja shift ko hisab milaaidim ra baaki clear gara,shift,,,,,,
V3R-0939753a1192,check agenda once before posting — context unclear,agenda,,,,,,
V3R-0984a2cb9622,check folder once before posting — context unclear,folder,,,,,,
V3R-09bc92a74e9d,aaja select ko hisab milaaidim ra baaki clear gara,select,,,,,,
V3R-0a239fdca995,branch ledger: restore entry ra thulo baaki milaaune,restore,,,,,,
V3R-0b0f93368279,check passbook once before posting — context unclear,passbook,,,,,,
V3R-0b6374e79a5a,aaja debit ko hisab milaaidim ra baaki clear gara,debit,,,,,,
V3R-0bbf177ddeb6,Please update the cash field in the English settings panel,cash,,,,,,
V3R-0c2c18712298,check flag once before posting — context unclear,flag,,,,,,
V3R-0c3f8305c233,Create a draft payroll and leave it unposted,payroll,,,,,,
V3R-0c6bafa4fe74,check rule once before posting — context unclear,rule,,,,,,
V3R-0cbfbbc5f37e,Please update the node field in the English settings panel,node,,,,,,
V3R-0cee521fe329,Sync failed for creditnote queue — retry after backup,creditnote,,,,,,
V3R-0d615e158fd1,check bag once before posting — context unclear,bag,,,,,,
V3R-0d9a9bec6c99,check file once before posting — context unclear,file,,,,,,
V3R-0e007c1b4e83,branch ledger: opening entry ra bata baaki milaaune,opening,,,,,,
V3R-0e9baa70235d,branch ledger: posted entry ra hamro baaki milaaune,posted,,,,,,
V3R-0f199b5b76a8,Please update the page field in the English settings panel,page,,,,,,
V3R-0fe968d0e334,Do not transliterate the word estimate in this English sentence,estimate,,,,,,
V3R-10c330b85032,The subtotal status must remain pending until confirm,subtotal,,,,,,
V3R-1177de629b8b,The liability status must remain pending until confirm,liability,,,,,,
V3R-120d96b361ba,branch ledger: closing entry ra sanga baaki milaaune,sanga,,,,,,
V3R-121e516a91bd,branch ledger: salary entry ra udharo baaki milaaune,salary,,,,,,
V3R-12445c86782d,branch ledger: purchase entry ra garaidim baaki milaaune,purchase,,,,,,
V3R-12d94252c26f,aaja query ko hisab milaaidim ra baaki clear gara,query,,,,,,
V3R-133124e7f16d,Please update the entry field in the English settings panel,entry,,,,,,
V3R-13905509c95f,Please update the edge field in the English settings panel,edge,,,,,,
V3R-139736cb8e75,Please update the limit field in the English settings panel,limit,,,,,,
V3R-144026a3d23e,aaja bond ko hisab milaaidim ra baaki clear gara,bond,,,,,,
V3R-145efc4a0550,branch ledger: branch entry ra hunxa baaki milaaune,branch,,,,,,
V3R-146a08280ca1,check entry once before posting — context unclear,entry,,,,,,
V3R-149c878fb952,check ticket once before posting — context unclear,ticket,,,,,,
V3R-14a11f3324b4,Please update the code field in the English settings panel,code,,,,,,
V3R-151d46813145,Filter by PAN then print the ledger summary,PAN,,,,,,
V3R-15740d9bf5ee,Create a draft accrual and leave it unposted,accrual,,,,,,
V3R-15a09c1a3589,The commission status must remain pending until confirm,commission,,,,,,
V3R-1637cd9e08f1,aaja base ko hisab milaaidim ra baaki clear gara,base,,,,,,
V3R-163a27bca207,review shared surface premium in mixed shop note before close,premium,,,,,,
V3R-168513d5ad04,check scan once before posting — context unclear,scan,,,,,,
V3R-1750d807116d,check page once before posting — context unclear,page,,,,,,
V3R-1753357a319a,branch ledger: employee entry ra chaina baaki milaaune,employee,,,,,,
V3R-177875ff7fec,Please update the column field in the English settings panel,column,,,,,,
V3R-17c4daf6d209,branch ledger: ledger entry ra bihana baaki milaaune,bihana,,,,,,
V3R-1892d7c7ab07,Please update the slip field in the English settings panel,slip,,,,,,
V3R-18a1f721c7a2,aaja node ko hisab milaaidim ra baaki clear gara,node,,,,,,
V3R-18de432599c0,branch ledger: password entry ra sano baaki milaaune,sano,,,,,,
V3R-18dee75c9b42,Please open the asset module and export the report,asset,,,,,,
V3R-18f79e5bff62,review shared surface pan in mixed shop note before close,pan,,,,,,
V3R-19860b3b92a2,branch ledger: reject entry ra yasari baaki milaaune,reject,,,,,,
V3R-19b81032d950,Please open the posted module and export the report,posted,,,,,,
V3R-1acf8251c368,Create a draft capital and leave it unposted,capital,,,,,,
V3R-1b5240303171,Please update the series field in the English settings panel,series,,,,,,
V3R-1b658c707426,Please open the statement module and export the report,statement,,,,,,
V3R-1c091b78ae07,aaja hit ko hisab milaaidim ra baaki clear gara,hit,,,,,,
V3R-1c379c29fcaf,aaja token ko hisab milaaidim ra baaki clear gara,token,,,,,,
V3R-1cef8fa0086c,aaja box ko hisab milaaidim ra baaki clear gara,box,,,,,,
V3R-1cfa3f64ef8e,aaja column ko hisab milaaidim ra baaki clear gara,column,,,,,,
V3R-1d2f24c4a5ea,branch ledger: quarter entry ra usko baaki milaaune,usko,,,,,,
V3R-1d798346ebe5,review shared surface refno in mixed shop note before close,refno,,,,,,
V3R-1dd470e83010,review shared surface txn in mixed shop note before close,txn,,,,,,
V3R-1e0cd51a4d93,check row once before posting — context unclear,row,,,,,,
V3R-1e0f47cf0255,Please update the row field in the English settings panel,row,,,,,,
V3R-1e5f86c4619c,Do not transliterate the word sac in this English sentence,sac,,,,,,
V3R-1f57c7bedfc5,branch ledger: cancel entry ra tara baaki milaaune,cancel,,,,,,
V3R-1f7a7a0771fa,Please update the group field in the English settings panel,group,,,,,,
V3R-1ff093d1a1d5,The closing status must remain pending until confirm,closing,,,,,,
V3R-202cb15c4e92,check charge once before posting — context unclear,charge,,,,,,
V3R-2128d9b30717,check copy once before posting — context unclear,copy,,,,,,
V3R-22756958ec92,Please update the notice field in the English settings panel,notice,,,,,,
V3R-231540b4b9fe,Please update the ratecard field in the English settings panel,ratecard,,,,,,
V3R-233373860e3f,branch ledger: asset entry ra tireko baaki milaaune,asset,,,,,,
V3R-241c40299ec1,aaja scan ko hisab milaaidim ra baaki clear gara,scan,,,,,,
V3R-245f33011ddb,Please update the value field in the English settings panel,value,,,,,,
V3R-246641914a54,check slip once before posting — context unclear,slip,,,,,,
V3R-246c6390f755,Filter by contractor then print the ledger summary,contractor,,,,,,
V3R-250931ca8324,aaja edge ko hisab milaaidim ra baaki clear gara,edge,,,,,,
V3R-2644e44d031a,Keep vendor as Latin identity for the ERP toolbar label,vendor,,,,,,
V3R-27c672db0b72,Please update the warning field in the English settings panel,warning,,,,,,
V3R-28488934b449,Filter by monthly then print the ledger summary,monthly,,,,,,
V3R-2861d4df097d,check credit once before posting — context unclear,credit,,,,,,
V3R-28b15dd77a0a,check access once before posting — context unclear,access,,,,,,
V3R-28e630ad33dc,Please update the sort field in the English settings panel,sort,,,,,,
V3R-2949d240a2f7,review shared surface voucher in mixed shop note before close,voucher,,,,,,
V3R-294eea4bee3c,Please update the shift field in the English settings panel,shift,,,,,,
V3R-295914cae4d1,Please update the flag field in the English settings panel,flag,,,,,,
V3R-296405771fc7,Please update the role field in the English settings panel,role,,,,,,
V3R-297beced41f6,check error once before posting — context unclear,error,,,,,,
V3R-2a340c1ba05e,branch ledger: statement entry ra barsa baaki milaaune,statement,,,,,,
V3R-2b3c4e97ae0c,check select once before posting — context unclear,select,,,,,,
V3R-2b694b31bd71,branch ledger: annual entry ra tapai baaki milaaune,annual,,,,,,
V3R-2b79eda166ca,check label once before posting — context unclear,label,,,,,,
V3R-2bbecc16523a,The hsn status must remain pending until confirm,hsn,,,,,,
V3R-2c7b9bc3b131,aaja draft ko hisab milaaidim ra baaki clear gara,draft,,,,,,
V3R-2c804f0e4b7a,check minute once before posting — context unclear,minute,,,,,,
V3R-2ca0e361c264,aaja copy ko hisab milaaidim ra baaki clear gara,copy,,,,,,
V3R-2cecfde09f7e,Please update the pass field in the English settings panel,pass,,,,,,
V3R-2de5a13cc032,Please update the sign field in the English settings panel,sign,,,,,,
V3R-2f8f5758c52f,aaja bag ko hisab milaaidim ra baaki clear gara,bag,,,,,,
V3R-3033769d8111,Please update the rule field in the English settings panel,rule,,,,,,
V3R-306c2d58d6fc,Please update the account field in the English settings panel,account,,,,,,
V3R-3292f3a37431,aaja stock ko hisab milaaidim ra baaki clear gara,stock,,,,,,
V3R-3298b65fbcf3,Please update the post field in the English settings panel,post,,,,,,
V3R-32ada445ac45,Please update the stock field in the English settings panel,stock,,,,,,
V3R-32ec85ea6ce1,check warranty once before posting — context unclear,warranty,,,,,,
V3R-3316482b369b,Please update the menu field in the English settings panel,menu,,,,,,
V3R-34fdf6705770,aaja sort ko hisab milaaidim ra baaki clear gara,sort,,,,,,
V3R-350e68897ca7,aaja calendar ko hisab milaaidim ra baaki clear gara,calendar,,,,,,
V3R-351923dbf4c4,aaja mail ko hisab milaaidim ra baaki clear gara,mail,,,,,,
V3R-352f396aecb3,Please update the form field in the English settings panel,form,,,,,,
V3R-35baad9cf18d,check code once before posting — context unclear,code,,,,,,
V3R-35f1393c2b70,Sync failed for amortization queue — retry after backup,amortization,,,,,,
V3R-3625b8182b00,Please update the upload field in the English settings panel,upload,,,,,,
V3R-36554126c526,branch ledger: credit entry ra hapta baaki milaaune,credit,,,,,,
V3R-36acbaa3ee58,check cash once before posting — context unclear,cash,,,,,,
V3R-373c90897411,check column once before posting — context unclear,column,,,,,,
V3R-3760c23cd8d7,branch ledger: accrual entry ra kasto baaki milaaune,kasto,,,,,,
V3R-377fec2e68b7,check print once before posting — context unclear,print,,,,,,
V3R-3868816d187a,review shared surface invoice in mixed shop note before close,invoice,,,,,,
V3R-387ad580db45,Please update the bag field in the English settings panel,bag,,,,,,
V3R-392b439ac1c5,The bonus status must remain pending until confirm,bonus,,,,,,
V3R-39313ae11ef6,aaja field ko hisab milaaidim ra baaki clear gara,field,,,,,,
V3R-39c0220aa455,Accounting staff asked about barcode settings in Ask MokXya,barcode,,,,,,
V3R-39f9e6cb5e12,Accounting staff asked about tax settings in Ask MokXya,tax,,,,,,
V3R-3a3f935e9213,Accounting staff asked about confirm settings in Ask MokXya,confirm,,,,,,
V3R-3abb8d78b9d0,Please update the return field in the English settings panel,return,,,,,,
V3R-3afc98949356,Keep unit as Latin identity for the ERP toolbar label,unit,,,,,,
V3R-3b08043c7d75,Do not transliterate the word payable in this English sentence,payable,,,,,,
V3R-3b6b86a215db,Please open the prepaid module and export the report,prepaid,,,,,,
V3R-3bf288176366,Filter by sales then print the ledger summary,sales,,,,,,
V3R-3cb917d8357f,branch ledger: audit entry ra rupiya baaki milaaune,audit,,,,,,
V3R-3d01da403c8c,Please update the bond field in the English settings panel,bond,,,,,,
V3R-3d293a6d570f,Keep cancel as Latin identity for the ERP toolbar label,cancel,,,,,,
V3R-3daa96d9f0fc,check key once before posting — context unclear,key,,,,,,
V3R-3dffd497bd52,Filter by module then print the ledger summary,module,,,,,,
V3R-3eaf6b7f40a3,branch ledger: debit entry ra raati baaki milaaune,raati,,,,,,
V3R-3fab673b6911,Please update the tag field in the English settings panel,tag,,,,,,
V3R-401598bcde7c,Filter by profit then print the ledger summary,profit,,,,,,
V3R-4031b06dd959,aaja form ko hisab milaaidim ra baaki clear gara,form,,,,,,
V3R-411005c16d98,Accounting staff asked about penalty settings in Ask MokXya,penalty,,,,,,
V3R-41794d6253ee,aaja order ko hisab milaaidim ra baaki clear gara,order,,,,,,
V3R-418ce4bb00ea,check limit once before posting — context unclear,limit,,,,,,
V3R-41cfa03babd1,aaja root ko hisab milaaidim ra baaki clear gara,root,,,,,,
V3R-41ea38ed362e,Please update the sheet field in the English settings panel,sheet,,,,,,
V3R-427c38595892,Please update the agenda field in the English settings panel,agenda,,,,,,
V3R-4360dc5bd9dc,aaja access ko hisab milaaidim ra baaki clear gara,access,,,,,,
V3R-43ea050a2624,review shared surface contract in mixed shop note before close,contract,,,,,,
V3R-43eccf62cea3,check box once before posting — context unclear,box,,,,,,
V3R-43ef2b2f7b57,aaja warning ko hisab milaaidim ra baaki clear gara,warning,,,,,,
V3R-43f3f9c8cbb4,Accounting staff asked about backup settings in Ask MokXya,backup,,,,,,
V3R-44a97031bf2a,Create a draft INR and leave it unposted,INR,,,,,,
V3R-44ece77b6d90,Create a draft amount and leave it unposted,amount,,,,,,
V3R-459043c5d75d,aaja graph ko hisab milaaidim ra baaki clear gara,graph,,,,,,
V3R-46444cf46707,Please update the credit field in the English settings panel,credit,,,,,,
V3R-46a0e4f9c2e7,Keep journal as Latin identity for the ERP toolbar label,journal,,,,,,
V3R-46a9c18bfee3,Keep batch as Latin identity for the ERP toolbar label,batch,,,,,,
V3R-4734204d8bc9,aaja gate ko hisab milaaidim ra baaki clear gara,gate,,,,,,
V3R-47bf3c319030,check sort once before posting — context unclear,sort,,,,,,
V3R-48e121aa080c,Please update the condition field in the English settings panel,condition,,,,,,
V3R-49015e87549e,aaja note ko hisab milaaidim ra baaki clear gara,note,,,,,,
V3R-49591728b679,Please update the status field in the English settings panel,status,,,,,,
V3R-4a73bc91841a,aaja check ko hisab milaaidim ra baaki clear gara,check,,,,,,
V3R-4abb4ebf3f34,aaja filter ko hisab milaaidim ra baaki clear gara,filter,,,,,,
V3R-4b4fa8766cf3,Create a draft debitnote and leave it unposted,debitnote,,,,,,
V3R-4b585ff6b535,aaja share ko hisab milaaidim ra baaki clear gara,share,,,,,,
V3R-4bcd8febc4f2,check catalogue once before posting — context unclear,catalogue,,,,,,
V3R-4c011c65d8f6,check node once before posting — context unclear,node,,,,,,
V3R-4c050e96f108,check pass once before posting — context unclear,pass,,,,,,
V3R-4c659eb42d73,branch ledger: allowance entry ra hisab baaki milaaune,allowance,,,,,,
V3R-4ca8705934e3,branch ledger: return entry ra rakha baaki milaaune,return,,,,,,
V3R-4cc8504f044a,check margin once before posting — context unclear,margin,,,,,,
V3R-4cd86c0706b4,aaja table ko hisab milaaidim ra baaki clear gara,table,,,,,,
V3R-4cfa8b592adc,Please open the configuration module and export the report,configuration,,,,,,
V3R-4d5614a46f00,Accounting staff asked about adjustment settings in Ask MokXya,adjustment,,,,,,
V3R-4d8e386a5224,aaja miss ko hisab milaaidim ra baaki clear gara,miss,,,,,,
V3R-4da07d670e4d,check sheet once before posting — context unclear,sheet,,,,,,
V3R-4e25699e3484,branch ledger: import entry ra aaunu baaki milaaune,aaunu,,,,,,
V3R-4f462f29c923,Keep currency as Latin identity for the ERP toolbar label,currency,,,,,,
V3R-4f5e318c4504,aaja permission ko hisab milaaidim ra baaki clear gara,permission,,,,,,
V3R-4fae795d26ee,Please update the download field in the English settings panel,download,,,,,,
V3R-4fc007820f20,Sync failed for employee queue — retry after backup,employee,,,,,,
V3R-4ff9e422c5a6,aaja lock ko hisab milaaidim ra baaki clear gara,lock,,,,,,
V3R-503caff3e257,review shared surface imei in mixed shop note before close,imei,,,,,,
V3R-503e385883c9,branch ledger: provision entry ra pahila baaki milaaune,provision,,,,,,
V3R-50952a20da40,Please update the passbook field in the English settings panel,passbook,,,,,,
V3R-51936b4fea15,aaja policy ko hisab milaaidim ra baaki clear gara,policy,,,,,,
V3R-51e8dab8cf50,Do not transliterate the word sku in this English sentence,sku,,,,,,
V3R-522805dc4ec2,aaja print ko hisab milaaidim ra baaki clear gara,print,,,,,,
V3R-538aeb4eb062,review shared surface license in mixed shop note before close,license,,,,,,
V3R-5398e298991a,aaja menu ko hisab milaaidim ra baaki clear gara,menu,,,,,,
V3R-53ac64b7ad79,aaja option ko hisab milaaidim ra baaki clear gara,option,,,,,,
V3R-53e6edeebb9e,Create a draft settings and leave it unposted,settings,,,,,,
V3R-545197a2dc2e,check share once before posting — context unclear,share,,,,,,
V3R-546744827921,aaja rate ko hisab milaaidim ra baaki clear gara,rate,,,,,,
V3R-54ca61faff41,review shared surface discount in mixed shop note before close,discount,,,,,,
V3R-5542e99f2d6d,Please update the key field in the English settings panel,key,,,,,,
V3R-584e05c745d1,Create a draft kpi and leave it unposted,kpi,,,,,,
V3R-58669fdb0151,review shared surface permit in mixed shop note before close,permit,,,,,,
V3R-58d69ae302f8,Please update the spread field in the English settings panel,spread,,,,,,
V3R-5a09a8385d52,Please update the check field in the English settings panel,check,,,,,,
V3R-5a150b6612d8,branch ledger: daily entry ra lai baaki milaaune,lai,,,,,,
V3R-5a4653ffc35a,Please update the order field in the English settings panel,order,,,,,,
V3R-5af4090c311c,Do not transliterate the word allowance in this English sentence,allowance,,,,,,
V3R-5af49b1865f2,review shared surface receipt in mixed shop note before close,receipt,,,,,,
V3R-5b089d29f5e7,Please update the table field in the English settings panel,table,,,,,,
V3R-5b12473f2f5c,branch ledger: PAN entry ra nafa baaki milaaune,nafa,,,,,,
V3R-5b471e5f18a5,The warehouse status must remain pending until confirm,warehouse,,,,,,
V3R-5bd0d0791823,check rate once before posting — context unclear,rate,,,,,,
V3R-5c3a26e573eb,Please update the policy field in the English settings panel,policy,,,,,,
V3R-5c5e1d0bd7b2,aaja guarantee ko hisab milaaidim ra baaki clear gara,guarantee,,,,,,
V3R-5cc87c95846a,aaja search ko hisab milaaidim ra baaki clear gara,search,,,,,,
V3R-5d278b67cb1d,Please update the folder field in the English settings panel,folder,,,,,,
V3R-5dd3424ae32c,branch ledger: godown entry ra bhayo baaki milaaune,godown,,,,,,
V3R-5dd3a74c8a21,Filter by refund then print the ledger summary,refund,,,,,,
V3R-5e4c16199615,aaja limit ko hisab milaaidim ra baaki clear gara,limit,,,,,,
V3R-5f34fa981bc5,aaja key ko hisab milaaidim ra baaki clear gara,key,,,,,,
V3R-5f97277c5bab,check warning once before posting — context unclear,warning,,,,,,
V3R-5fbc83887d59,Filter by password then print the ledger summary,password,,,,,,
V3R-60114d7507c4,Please update the token field in the English settings panel,token,,,,,,
V3R-60315f0fc867,aaja file ko hisab milaaidim ra baaki clear gara,file,,,,,,
V3R-6069fbf05b7c,check base once before posting — context unclear,base,,,,,,
V3R-60aff549523a,Do not transliterate the word godown in this English sentence,godown,,,,,,
V3R-60b7c732f436,aaja series ko hisab milaaidim ra baaki clear gara,series,,,,,,
V3R-614265ee164f,Please update the term field in the English settings panel,term,,,,,,
V3R-620b2b646d51,Please update the alert field in the English settings panel,alert,,,,,,
V3R-624f6d880336,Sync failed for GST queue — retry after backup,GST,,,,,,
V3R-6353783e5260,aaja path ko hisab milaaidim ra baaki clear gara,path,,,,,,
V3R-635452f19c0d,aaja memo ko hisab milaaidim ra baaki clear gara,memo,,,,,,
V3R-636cd65b8174,review shared surface passport in mixed shop note before close,passport,,,,,,
V3R-640e2f1ac984,branch ledger: liability entry ra linchu baaki milaaune,linchu,,,,,,
V3R-643017426c00,check ratecard once before posting — context unclear,ratecard,,,,,,
V3R-65a240fdea0d,Filter by quantity then print the ledger summary,quantity,,,,,,
V3R-66918f84e41a,aaja account ko hisab milaaidim ra baaki clear gara,account,,,,,,
V3R-66bb25d5535a,Please update the warranty field in the English settings panel,warranty,,,,,,
V3R-66eec93dd493,review shared surface upc in mixed shop note before close,upc,,,,,,
V3R-66f9e864ad30,check card once before posting — context unclear,card,,,,,,
V3R-67109a22bf62,check stock once before posting — context unclear,stock,,,,,,
V3R-6756b5c8f4f3,aaja charge ko hisab milaaidim ra baaki clear gara,charge,,,,,,
V3R-676ab510d836,aaja value ko hisab milaaidim ra baaki clear gara,value,,,,,,
V3R-67dd148619d8,Do not transliterate the word voucher in this English sentence,voucher,,,,,,
V3R-67ee7f4c174e,aaja class ko hisab milaaidim ra baaki clear gara,class,,,,,,
V3R-6895c5a0dbeb,aaja line ko hisab milaaidim ra baaki clear gara,line,,,,,,
V3R-6913b6ce35eb,Do not transliterate the word fiscal in this English sentence,fiscal,,,,,,
V3R-69d7ec80fb40,check pricelist once before posting — context unclear,pricelist,,,,,,
V3R-6a302d10551d,branch ledger: capital entry ra bechyo baaki milaaune,bechyo,,,,,,
V3R-6a72776c0c35,Accounting staff asked about inventory settings in Ask MokXya,inventory,,,,,,
V3R-6ab92b6cb325,The markup status must remain pending until confirm,markup,,,,,,
V3R-6ba8c3a2e478,branch ledger: voucher entry ra bholi baaki milaaune,voucher,,,,,,
V3R-6c66ab38bd51,Please open the margin module and export the report,margin,,,,,,
V3R-6d3bda511205,Please open the invoice module and export the report,invoice,,,,,,
V3R-6d5a20105021,review shared surface lotno in mixed shop note before close,lotno,,,,,,
V3R-6d5b833dc4b2,aaja floor ko hisab milaaidim ra baaki clear gara,floor,,,,,,
V3R-6da2f0e315b2,check note once before posting — context unclear,note,,,,,,
V3R-6da4c28053e3,branch ledger: supplier entry ra bujhe baaki milaaune,supplier,,,,,,
V3R-6dab45b56d59,aaja book ko hisab milaaidim ra baaki clear gara,book,,,,,,
V3R-6e98d2112908,aaja link ko hisab milaaidim ra baaki clear gara,link,,,,,,
V3R-6f9c1449536a,check edge once before posting — context unclear,edge,,,,,,
V3R-7072e58eede1,check info once before posting — context unclear,info,,,,,,
V3R-70bb538103a1,Sync failed for loss queue — retry after backup,loss,,,,,,
V3R-710e647d3c50,check notice once before posting — context unclear,notice,,,,,,
V3R-71a4a7458588,Please open the freight module and export the report,freight,,,,,,
V3R-71e5df7596e1,branch ledger: pending entry ra tyasari baaki milaaune,tyasari,,,,,,
V3R-720e5bfae064,Please update the field field in the English settings panel,field,,,,,,
V3R-721f96c25d80,Accounting staff asked about tds settings in Ask MokXya,tds,,,,,,
V3R-72aa3bc9f50b,Accounting staff asked about po settings in Ask MokXya,po,,,,,,
V3R-72c387e38542,Keep wallet as Latin identity for the ERP toolbar label,wallet,,,,,,
V3R-73674a1d24c3,check class once before posting — context unclear,class,,,,,,
V3R-744f312652d3,The receivable status must remain pending until confirm,receivable,,,,,,
V3R-7452d219ed38,check range once before posting — context unclear,range,,,,,,
V3R-7461b4ce66fa,check token once before posting — context unclear,token,,,,,,
V3R-747e12ef179e,Filter by gateway then print the ledger summary,gateway,,,,,,
V3R-75252f1747f5,check mode once before posting — context unclear,mode,,,,,,
V3R-755e16dd8fa6,The import status must remain pending until confirm,import,,,,,,
V3R-7579e9c62958,Please update the lock field in the English settings panel,lock,,,,,,
V3R-765706eed332,Please update the cap field in the English settings panel,cap,,,,,,
V3R-7700b1636194,Please update the query field in the English settings panel,query,,,,,,
V3R-77acbe52e63b,Please update the mail field in the English settings panel,mail,,,,,,
V3R-77f712446449,Create a draft daily and leave it unposted,daily,,,,,,
V3R-78155611eaae,aaja label ko hisab milaaidim ra baaki clear gara,label,,,,,,
V3R-799475487163,branch ledger: approve entry ra kinabhane baaki milaaune,kinabhane,,,,,,
V3R-7a23c45c78e3,aaja passbook ko hisab milaaidim ra baaki clear gara,passbook,,,,,,
V3R-7b0a9361d4fe,aaja flag ko hisab milaaidim ra baaki clear gara,flag,,,,,,
V3R-7bcf99d7d0d8,check role once before posting — context unclear,role,,,,,,
V3R-7bdbe95c5b21,aaja info ko hisab milaaidim ra baaki clear gara,info,,,,,,
V3R-7bde06b2f2ad,check tag once before posting — context unclear,tag,,,,,,
V3R-7cd823dbe193,aaja choice ko hisab milaaidim ra baaki clear gara,choice,,,,,,
V3R-7ceae126d3ab,check menu once before posting — context unclear,menu,,,,,,
V3R-7d48e8893896,Please update the select field in the English settings panel,select,,,,,,
V3R-7d93b3d89327,branch ledger: weekly entry ra malai baaki milaaune,weekly,,,,,,
V3R-7e7796c5f299,The reconcile status must remain pending until confirm,reconcile,,,,,,
V3R-7f5e2f0e7f4f,branch ledger: discount entry ra pathau baaki milaaune,pathau,,,,,,
V3R-7f8405f06bc5,Do not transliterate the word grandtotal in this English sentence,grandtotal,,,,,,
V3R-7fd5b20ca763,Please update the error field in the English settings panel,error,,,,,,
V3R-808222af6ab0,check download once before posting — context unclear,download,,,,,,
V3R-80a23d89ce23,check link once before posting — context unclear,link,,,,,,
V3R-81411f288b18,aaja peak ko hisab milaaidim ra baaki clear gara,peak,,,,,,
V3R-8148eb5d2db1,Filter by depreciation then print the ledger summary,depreciation,,,,,,
V3R-81b9665fab2c,check alert once before posting — context unclear,alert,,,,,,
V3R-81c14c5cba0e,branch ledger: report entry ra gayo baaki milaaune,report,,,,,,
V3R-82b36e04336f,check group once before posting — context unclear,group,,,,,,
V3R-82d983729ce1,check cap once before posting — context unclear,cap,,,,,,
V3R-82e9289b901d,check cell once before posting — context unclear,cell,,,,,,
V3R-8392dd771d5a,Please update the clause field in the English settings panel,clause,,,,,,
V3R-844a7463f990,Please update the calendar field in the English settings panel,calendar,,,,,,
V3R-86390311eecb,check balance once before posting — context unclear,balance,,,,,,
V3R-866666f47a45,aaja bank ko hisab milaaidim ra baaki clear gara,bank,,,,,,
V3R-869937924425,branch ledger: configuration entry ra sabai baaki milaaune,configuration,,,,,,
V3R-86aa72402ba8,Do not transliterate the word transfer in this English sentence,transfer,,,,,,
V3R-872255c87e9c,check guarantee once before posting — context unclear,guarantee,,,,,,
V3R-873cb6c47870,Sync failed for dc queue — retry after backup,dc,,,,,,
V3R-876c54d68693,check lock once before posting — context unclear,lock,,,,,,
V3R-8952e58a4f56,aaja stamp ko hisab milaaidim ra baaki clear gara,stamp,,,,,,
V3R-89e52b618a3c,Filter by forecast then print the ledger summary,forecast,,,,,,
V3R-89efab1ab4fd,check path once before posting — context unclear,path,,,,,,
V3R-8abac211dd02,check duty once before posting — context unclear,duty,,,,,,
V3R-8b66144c1ddf,check hit once before posting — context unclear,hit,,,,,,
V3R-8bbf635c5ad3,Please update the bill field in the English settings panel,bill,,,,,,
V3R-8c9069ba07b7,check policy once before posting — context unclear,policy,,,,,,
V3R-8c9573584a9c,branch ledger: settings entry ra thorai baaki milaaune,thorai,,,,,,
V3R-8d4e000ffe9b,Create a draft charge and leave it unposted,charge,,,,,,
V3R-8da08d41d7e2,aaja group ko hisab milaaidim ra baaki clear gara,group,,,,,,
V3R-8db14f2446b0,branch ledger: vendor entry ra cha baaki milaaune,vendor,,,,,,
V3R-8db1cb68aee5,aaja ratecard ko hisab milaaidim ra baaki clear gara,ratecard,,,,,,
V3R-8e1c3100511f,check result once before posting — context unclear,result,,,,,,
V3R-8e2163043303,check root once before posting — context unclear,root,,,,,,
V3R-8e4efead3a46,check status once before posting — context unclear,status,,,,,,
V3R-8e93b2fdf513,Please update the book field in the English settings panel,book,,,,,,
V3R-8e9820580eee,Create a draft manager and leave it unposted,manager,,,,,,
V3R-8ea04ec2be46,check permission once before posting — context unclear,permission,,,,,,
V3R-8ea4fbbc84a1,aaja return ko hisab milaaidim ra baaki clear gara,return,,,,,,
V3R-8ef33a5bd025,check type once before posting — context unclear,type,,,,,,
V3R-8f442114ed7e,Accounting staff asked about upi settings in Ask MokXya,upi,,,,,,
V3R-90c6303d4852,check condition once before posting — context unclear,condition,,,,,,
V3R-90f8a68f3ef7,aaja match ko hisab milaaidim ra baaki clear gara,match,,,,,,
V3R-912fadea2e5f,check set once before posting — context unclear,set,,,,,,
V3R-91a6f47c1df1,Do not transliterate the word carryforward in this English sentence,carryforward,,,,,,
V3R-91c37973e14c,Please open the bank module and export the report,bank,,,,,,
V3R-921d5b85e0a2,check table once before posting — context unclear,table,,,,,,
V3R-92b9cb602c35,The void status must remain pending until confirm,void,,,,,,
V3R-9406edd0bebd,Please update the memo field in the English settings panel,memo,,,,,,
V3R-9477b5a51f99,branch ledger: template entry ra kehi baaki milaaune,kehi,,,,,,
V3R-94c732dde18f,check state once before posting — context unclear,state,,,,,,
V3R-94dd02a169df,Please update the charge field in the English settings panel,charge,,,,,,
V3R-95536f5779ec,Please update the filter field in the English settings panel,filter,,,,,,
V3R-95b18b37dd6f,check check once before posting — context unclear,check,,,,,,
V3R-962bc2fdd66a,Create a draft pending and leave it unposted,pending,,,,,,
V3R-97435c1106c9,aaja ticket ko hisab milaaidim ra baaki clear gara,ticket,,,,,,
V3R-977d07af46cc,check shift once before posting — context unclear,shift,,,,,,
V3R-977ef6fb8269,The cheque status must remain pending until confirm,cheque,,,,,,
V3R-98d87e6283ed,branch ledger: fiscal entry ra mero baaki milaaune,fiscal,,,,,,
V3R-99fcd48ae47d,Please update the set field in the English settings panel,set,,,,,,
V3R-9a3d09803fd7,Create a draft balance and leave it unposted,balance,,,,,,
V3R-9ae40bbea2d5,Please update the scan field in the English settings panel,scan,,,,,,
V3R-9b7beb1ed1c7,branch ledger: customer entry ra thaha baaki milaaune,thaha,,,,,,
V3R-9bb66132c2c9,aaja card ko hisab milaaidim ra baaki clear gara,card,,,,,,
V3R-9bf2fcd24c43,check value once before posting — context unclear,value,,,,,,
V3R-9e6ea448cca4,aaja minute ko hisab milaaidim ra baaki clear gara,minute,,,,,,
V3R-9f1047c84b8b,branch ledger: freight entry ra bola baaki milaaune,freight,,,,,,
V3R-9f28192e6aa8,aaja margin ko hisab milaaidim ra baaki clear gara,margin,,,,,,
V3R-9fe181b0dae6,Filter by approve then print the ledger summary,approve,,,,,,
V3R-9ff8d0d4d943,aaja duty ko hisab milaaidim ra baaki clear gara,duty,,,,,,
V3R-a01d19442513,Keep so as Latin identity for the ERP toolbar label,so,,,,,,
V3R-a059da1c05d3,aaja state ko hisab milaaidim ra baaki clear gara,state,,,,,,
V3R-a0dabb1202b0,check batch once before posting — context unclear,batch,,,,,,
V3R-a12ade20186f,check order once before posting — context unclear,order,,,,,,
V3R-a165d3800730,review shared surface challan in mixed shop note before close,challan,,,,,,
V3R-a1777ebc3966,check bond once before posting — context unclear,bond,,,,,,
V3R-a19c4908c5dc,branch ledger: GST entry ra noksan baaki milaaune,GST,,,,,,
V3R-a1d9e20fbdfc,Please update the draft field in the English settings panel,draft,,,,,,
V3R-a222807d63c0,branch ledger: VAT entry ra aamdani baaki milaaune,VAT,,,,,,
V3R-a2574e23f018,Do not transliterate the word equity in this English sentence,equity,,,,,,
V3R-a261eaaad232,Sync failed for credit queue — retry after backup,credit,,,,,,
V3R-a42fc44b2b15,aaja pricelist ko hisab milaaidim ra baaki clear gara,pricelist,,,,,,
V3R-a4d7dd18c298,Please update the rate field in the English settings panel,rate,,,,,,
V3R-a5021b261f56,Please update the floor field in the English settings panel,floor,,,,,,
V3R-a5173205a627,aaja mode ko hisab milaaidim ra baaki clear gara,mode,,,,,,
V3R-a544ae945d41,Please update the line field in the English settings panel,line,,,,,,
V3R-a5ead2863bee,Please open the proforma module and export the report,proforma,,,,,,
V3R-a669e94897bb,Sync failed for settlement queue — retry after backup,settlement,,,,,,
V3R-a70abc2fd4dc,aaja cap ko hisab milaaidim ra baaki clear gara,cap,,,,,,
V3R-a7340a4bd760,Create a draft dashboard and leave it unposted,dashboard,,,,,,
V3R-a7bc692a581b,Please update the schedule field in the English settings panel,schedule,,,,,,
V3R-a8260bbf220f,branch ledger: depreciation entry ra aba baaki milaaune,aba,,,,,,
V3R-a8eff1d35ffc,Keep annual as Latin identity for the ERP toolbar label,annual,,,,,,
V3R-a8f30280b2dc,Please open the ewaybill module and export the report,ewaybill,,,,,,
V3R-a8f4d72568ad,Create a draft challan and leave it unposted,challan,,,,,,
V3R-a9524600acf6,branch ledger: manager entry ra chhaina baaki milaaune,chhaina,,,,,,
V3R-a98e954aa301,review shared surface id in mixed shop note before close,id,,,,,,
V3R-aa82fcac28cc,The transport status must remain pending until confirm,transport,,,,,,
V3R-aa976a560b71,aaja notice ko hisab milaaidim ra baaki clear gara,notice,,,,,,
V3R-ab1ab35b4793,aaja status ko hisab milaaidim ra baaki clear gara,status,,,,,,
V3R-ab56f478030e,aaja batch ko hisab milaaidim ra baaki clear gara,batch,,,,,,
V3R-ace44e58df19,aaja type ko hisab milaaidim ra baaki clear gara,type,,,,,,
V3R-addcb790b7be,aaja folder ko hisab milaaidim ra baaki clear gara,folder,,,,,,
V3R-ade5ca5235da,Please update the bank field in the English settings panel,bank,,,,,,
V3R-aedf32bc1d4b,check right once before posting — context unclear,right,,,,,,
V3R-af13f08de00a,Please update the search field in the English settings panel,search,,,,,,
V3R-af64436ce1f8,Please update the mark field in the English settings panel,mark,,,,,,
V3R-b005c9c48fe5,Please update the choice field in the English settings panel,choice,,,,,,
V3R-b0b99adc070f,aaja lot ko hisab milaaidim ra baaki clear gara,lot,,,,,,
V3R-b12a96649a8c,check stamp once before posting — context unclear,stamp,,,,,,
V3R-b159be207b0c,Please update the state field in the English settings panel,state,,,,,,
V3R-b18a74a52dae,check choice once before posting — context unclear,choice,,,,,,
V3R-b1e7cbac70d4,aaja upload ko hisab milaaidim ra baaki clear gara,upload,,,,,,
V3R-b226042e5fad,Keep headquarters as Latin identity for the ERP toolbar label,headquarters,,,,,,
V3R-b34c7d5c96b1,Please update the lot field in the English settings panel,lot,,,,,,
V3R-b37363a8d140,Please update the hit field in the English settings panel,hit,,,,,,
V3R-b454216bb38e,Please update the graph field in the English settings panel,graph,,,,,,
V3R-b454401bb625,branch ledger: loss entry ra kinyo baaki milaaune,loss,,,,,,
V3R-b47707db4d76,Keep rebate as Latin identity for the ERP toolbar label,rebate,,,,,,
V3R-b4baf0204eba,branch ledger: amortization entry ra aile baaki milaaune,amortization,,,,,,
V3R-b5213febd201,check return once before posting — context unclear,return,,,,,,
V3R-b5d1ad1db651,Accounting staff asked about packaging settings in Ask MokXya,packaging,,,,,,
V3R-b74bc513e21c,review shared surface tin in mixed shop note before close,tin,,,,,,
V3R-b78621b20b16,aaja tag ko hisab milaaidim ra baaki clear gara,tag,,,,,,
V3R-b7d5f4acb983,aaja agenda ko hisab milaaidim ra baaki clear gara,agenda,,,,,,
V3R-b816eb5a2565,branch ledger: transport entry ra suna baaki milaaune,suna,,,,,,
V3R-b8421582ad9a,review shared surface waybill in mixed shop note before close,waybill,,,,,,
V3R-b846d14748e5,branch ledger: warehouse entry ra huncha baaki milaaune,huncha,,,,,,
V3R-b84d9916226f,check spread once before posting — context unclear,spread,,,,,,
V3R-b8592fe9a52f,Please update the list field in the English settings panel,list,,,,,,
V3R-b89835039049,Please update the copy field in the English settings panel,copy,,,,,,
V3R-b8cd0d142f95,The receipt status must remain pending until confirm,receipt,,,,,,
V3R-b8eef4c90025,Please update the batch field in the English settings panel,batch,,,,,,
V3R-b9250ee545ab,Please update the peak field in the English settings panel,peak,,,,,,
V3R-b95ca513f3c4,review shared surface sku in mixed shop note before close,sku,,,,,,
V3R-b960232025d7,branch ledger: receipt entry ra hijo baaki milaaune,hijo,,,,,,
V3R-b979dbf116a6,Sync failed for USD queue — retry after backup,USD,,,,,,
V3R-b98d092c8912,aaja sheet ko hisab milaaidim ra baaki clear gara,sheet,,,,,,
V3R-b9d0d62f500c,aaja rule ko hisab milaaidim ra baaki clear gara,rule,,,,,,
V3R-ba76c92d1b6d,branch ledger: income entry ra lejhar baaki milaaune,income,,,,,,
V3R-bb3a2a977534,Please update the margin field in the English settings panel,margin,,,,,,
V3R-bb416e17ec91,Please update the info field in the English settings panel,info,,,,,,
V3R-bb9f6a4a6fd0,check clause once before posting — context unclear,clause,,,,,,
V3R-bbd4e0e4f0cb,check term once before posting — context unclear,term,,,,,,
V3R-bcae03a44559,branch ledger: tax entry ra kharcha baaki milaaune,kharcha,,,,,,
V3R-bcc0878ef38a,Please open the fee module and export the report,fee,,,,,,
V3R-bce1d06c0b53,branch ledger: backup entry ra naramro baaki milaaune,naramro,,,,,,
V3R-bcefd3e58194,aaja cell ko hisab milaaidim ra baaki clear gara,cell,,,,,,
V3R-bd27f4ae58c6,aaja download ko hisab milaaidim ra baaki clear gara,download,,,,,,
V3R-bd72f0cf1250,Filter by debit then print the ledger summary,debit,,,,,,
V3R-bdaab59250c6,Keep restore as Latin identity for the ERP toolbar label,restore,,,,,,
V3R-bdc55abe6a3a,aaja code ko hisab milaaidim ra baaki clear gara,code,,,,,,
V3R-bf66b25fe66d,check peak once before posting — context unclear,peak,,,,,,
V3R-bfbd7207fd81,branch ledger: sync entry ra ramro baaki milaaune,sync,,,,,,
V3R-bfe5574a2035,Please update the pricelist field in the English settings panel,pricelist,,,,,,
V3R-c0c99152d8d6,Accounting staff asked about office settings in Ask MokXya,office,,,,,,
V3R-c1b3f585f05b,check list once before posting — context unclear,list,,,,,,
V3R-c1bd8118a570,check miss once before posting — context unclear,miss,,,,,,
V3R-c1c8101fe31b,Sync failed for variance queue — retry after backup,variance,,,,,,
V3R-c1ed5a0a53f1,branch ledger: reconcile entry ra paisa baaki milaaune,paisa,,,,,,
V3R-c2060457d556,check series once before posting — context unclear,series,,,,,,
V3R-c23c7f55db6d,check seal once before posting — context unclear,seal,,,,,,
V3R-c29ca4e384a3,Sync failed for report queue — retry after backup,report,,,,,,
V3R-c4117fc53b72,check filter once before posting — context unclear,filter,,,,,,
V3R-c430e69730c0,check schedule once before posting — context unclear,schedule,,,,,,
V3R-c45a3ee2db04,Accounting staff asked about expense settings in Ask MokXya,expense,,,,,,
V3R-c48d8d79740b,check field once before posting — context unclear,field,,,,,,
V3R-c596cc903ab9,Keep budget as Latin identity for the ERP toolbar label,budget,,,,,,
V3R-c5d88e244da9,Please update the catalogue field in the English settings panel,catalogue,,,,,,
V3R-c64bd5b87786,check line once before posting — context unclear,line,,,,,,
V3R-c65937892221,aaja row ko hisab milaaidim ra baaki clear gara,row,,,,,,
V3R-c6a3b805e792,Accounting staff asked about cashflow settings in Ask MokXya,cashflow,,,,,,
V3R-c87293f0bce7,review shared surface rrn in mixed shop note before close,rrn,,,,,,
V3R-c87b6a33c9f8,Please update the cell field in the English settings panel,cell,,,,,,
V3R-c8d8b4a88ad9,aaja mark ko hisab milaaidim ra baaki clear gara,mark,,,,,,
V3R-c8fe1f87ae5a,aaja list ko hisab milaaidim ra baaki clear gara,list,,,,,,
V3R-c971bdb5a50d,The shipment status must remain pending until confirm,shipment,,,,,,
V3R-c9a5fc4a695e,Please update the class field in the English settings panel,class,,,,,,
V3R-c9fbb774f7f2,branch ledger: invoice entry ra aaja baaki milaaune,invoice,,,,,,
V3R-ca7efcd54b2d,review shared surface manifest in mixed shop note before close,manifest,,,,,,
V3R-cb37907917b1,aaja range ko hisab milaaidim ra baaki clear gara,range,,,,,,
V3R-cbb159d764d0,aaja schedule ko hisab milaaidim ra baaki clear gara,schedule,,,,,,
V3R-cbda31ed04c1,check sign once before posting — context unclear,sign,,,,,,
V3R-cc3e9d33cc63,Please update the debit field in the English settings panel,debit,,,,,,
V3R-cc7a01345558,branch ledger: inventory entry ra gara baaki milaaune,gara,,,,,,
V3R-cca12875ccc7,Do not transliterate the word sync in this English sentence,sync,,,,,,
V3R-ccf9fe79fccd,Please update the seal field in the English settings panel,seal,,,,,,
V3R-cd6164213845,Please update the balance field in the English settings panel,balance,,,,,,
V3R-cdc7e6ae2e40,Please update the stamp field in the English settings panel,stamp,,,,,,
V3R-cdfd5f82950c,Please open the branch module and export the report,branch,,,,,,
V3R-ce0b9edc3116,check book once before posting — context unclear,book,,,,,,
V3R-d014f262c54b,check floor once before posting — context unclear,floor,,,,,,
V3R-d077d4918318,check debit once before posting — context unclear,debit,,,,,,
V3R-d1d0b3194c12,aaja alert ko hisab milaaidim ra baaki clear gara,alert,,,,,,
V3R-d1fccfe3427f,aaja warranty ko hisab milaaidim ra baaki clear gara,warranty,,,,,,
V3R-d1fe69cafd89,Sync failed for weekly queue — retry after backup,weekly,,,,,,
V3R-d2ed931b9639,review shared surface offer in mixed shop note before close,offer,,,,,,
V3R-d382b0280389,aaja set ko hisab milaaidim ra baaki clear gara,set,,,,,,
V3R-d3c9ec5777f4,Sync failed for serial queue — retry after backup,serial,,,,,,
V3R-d40b32b21ac4,aaja bill ko hisab milaaidim ra baaki clear gara,bill,,,,,,
V3R-d412a050e825,check gate once before posting — context unclear,gate,,,,,,
V3R-d4735514fe85,Please update the path field in the English settings panel,path,,,,,,
V3R-d4774dc29171,branch ledger: carryforward entry ra samma baaki milaaune,carryforward,,,,,,
V3R-d48b37273270,Please update the card field in the English settings panel,card,,,,,,
V3R-d56f24a778cb,aaja entry ko hisab milaaidim ra baaki clear gara,entry,,,,,,
V3R-d5ab6216954e,Keep tcs as Latin identity for the ERP toolbar label,tcs,,,,,,
V3R-d7060c476a26,check memo once before posting — context unclear,memo,,,,,,
V3R-d7c56805e338,Create a draft warranty and leave it unposted,warranty,,,,,,
V3R-d8fba05e97e0,check match once before posting — context unclear,match,,,,,,
V3R-d91468725cc7,Sync failed for reject queue — retry after backup,reject,,,,,,
V3R-d91cf275af0e,Accounting staff asked about customer settings in Ask MokXya,customer,,,,,,
V3R-d9bc0946447f,Please open the export module and export the report,export,,,,,,
V3R-d9dfc395ea88,review shared surface agreement in mixed shop note before close,agreement,,,,,,
V3R-da31ab00c761,Please update the print field in the English settings panel,print,,,,,,
V3R-dab205d804ff,Filter by lot then print the ledger summary,lot,,,,,,
V3R-dbb398055ac6,review shared surface deal in mixed shop note before close,deal,,,,,,
V3R-dbb78a7ab87b,Keep VAT as Latin identity for the ERP toolbar label,VAT,,,,,,
V3R-dbbcbee7023d,Please update the minute field in the English settings panel,minute,,,,,,
V3R-dbf2ccabda16,Accounting staff asked about ledger settings in Ask MokXya,ledger,,,,,,
V3R-dd1128b190d3,check calendar once before posting — context unclear,calendar,,,,,,
V3R-dda49869526d,branch ledger: office entry ra thiyo baaki milaaune,thiyo,,,,,,
V3R-de0f641145ff,The template status must remain pending until confirm,template,,,,,,
V3R-de521d184e1d,Do not transliterate the word supplier in this English sentence,supplier,,,,,,
V3R-debae48f46dc,check search once before posting — context unclear,search,,,,,,
V3R-df871b87d761,branch ledger: adjustment entry ra pachi baaki milaaune,pachi,,,,,,
V3R-e04324adb9a0,Create a draft discount and leave it unposted,discount,,,,,,
V3R-e0c78b7e7e2a,Please update the ticket field in the English settings panel,ticket,,,,,,
V3R-e11ed64aab42,Please update the mode field in the English settings panel,mode,,,,,,
V3R-e1a294f79c24,aaja role ko hisab milaaidim ra baaki clear gara,role,,,,,,
V3R-e30e12b84154,Sync failed for return queue — retry after backup,return,,,,,,
V3R-e31fd858f6d6,Do not transliterate the word logistics in this English sentence,logistics,,,,,,
V3R-e36403e675ba,Please update the permission field in the English settings panel,permission,,,,,,
V3R-e41a0228373c,Do not transliterate the word draft in this English sentence,draft,,,,,,
V3R-e41cd7b68963,Accounting staff asked about rounding settings in Ask MokXya,rounding,,,,,,
V3R-e448ded91cf1,aaja credit ko hisab milaaidim ra baaki clear gara,credit,,,,,,
V3R-e47664c6d013,Please update the box field in the English settings panel,box,,,,,,
V3R-e4d9b65f110e,branch ledger: draft entry ra aru baaki milaaune,draft,,,,,,
V3R-e4eadbcacc4c,branch ledger: export entry ra jaanu baaki milaaune,export,,,,,,
V3R-e521f92824a3,aaja spread ko hisab milaaidim ra baaki clear gara,spread,,,,,,
V3R-e54822ff93f4,check option once before posting — context unclear,option,,,,,,
V3R-e55449e9d81f,Please update the option field in the English settings panel,option,,,,,,
V3R-e5909b42c003,Please open the opening module and export the report,opening,,,,,,
V3R-e593bf3c852d,Filter by grn then print the ledger summary,grn,,,,,,
V3R-e697169f7224,check query once before posting — context unclear,query,,,,,,
V3R-e6a4c16c45b6,branch ledger: void entry ra timro baaki milaaune,timro,,,,,,
V3R-e75852ec3868,aaja term ko hisab milaaidim ra baaki clear gara,term,,,,,,
V3R-e7b652000bd6,review shared surface ean in mixed shop note before close,ean,,,,,,
V3R-e87f6cd986e6,Please update the range field in the English settings panel,range,,,,,,
V3R-e92ff81b2fd0,Please update the root field in the English settings panel,root,,,,,,
V3R-e97009891527,Keep income as Latin identity for the ERP toolbar label,income,,,,,,
V3R-e98209574235,branch ledger: payroll entry ra byaj baaki milaaune,byaj,,,,,,
V3R-e99dba332cb7,branch ledger: confirm entry ra ani baaki milaaune,ani,,,,,,
V3R-e9eab2928dd0,aaja right ko hisab milaaidim ra baaki clear gara,right,,,,,,
V3R-e9f2e258cb69,branch ledger: contractor entry ra chha baaki milaaune,chha,,,,,,
V3R-eaa2e04be0cd,aaja slip ko hisab milaaidim ra baaki clear gara,slip,,,,,,
V3R-eaa4c6b20df1,branch ledger: module entry ra aayo baaki milaaune,aayo,,,,,,
V3R-eb15f5fdc374,Please update the result field in the English settings panel,result,,,,,,
V3R-eb5f09909c7c,aaja sign ko hisab milaaidim ra baaki clear gara,sign,,,,,,
V3R-ec092f662f6a,branch ledger: headquarters entry ra thyo baaki milaaune,headquarters,,,,,,
V3R-ec2b39281d51,branch ledger: equity entry ra dinchu baaki milaaune,equity,,,,,,
V3R-ec313ee5c23e,review shared surface vat in mixed shop note before close,vat,,,,,,
V3R-ec6055c669aa,check form once before posting — context unclear,form,,,,,,
V3R-ec7931aac30b,check bill once before posting — context unclear,bill,,,,,,
V3R-ecbf465eee84,check upload once before posting — context unclear,upload,,,,,,
V3R-eccad7288123,branch ledger: profit entry ra jabaj baaki milaaune,jabaj,,,,,,
V3R-ed0425b71389,branch ledger: dashboard entry ra basnu baaki milaaune,basnu,,,,,,
V3R-ed446fef1c46,Do not transliterate the word interest in this English sentence,interest,,,,,,
V3R-ed4bf79fd51d,Keep purchase as Latin identity for the ERP toolbar label,purchase,,,,,,
V3R-ed4f18176822,review shared surface batchno in mixed shop note before close,batchno,,,,,,
V3R-ed8d61a3e411,Please update the note field in the English settings panel,note,,,,,,
V3R-eee8dbdf7283,branch ledger: username entry ra dherai baaki milaaune,username,,,,,,
V3R-ef1dee8fb20d,branch ledger: expense entry ra khata baaki milaaune,khata,,,,,,
V3R-ef4a4fd00257,Please update the gate field in the English settings panel,gate,,,,,,
V3R-f11e547d9b55,The quotation status must remain pending until confirm,quotation,,,,,,
V3R-f126e203696c,Please update the share field in the English settings panel,share,,,,,,
V3R-f18dd128a2e1,aaja page ko hisab milaaidim ra baaki clear gara,page,,,,,,
V3R-f193d1a13be5,Keep provision as Latin identity for the ERP toolbar label,provision,,,,,,
V3R-f1ad9313c853,branch ledger: balance entry ra mahina baaki milaaune,mahina,,,,,,
V3R-f2ea35825c2b,Please open the total module and export the report,total,,,,,,
V3R-f32ca3590a11,Please update the file field in the English settings panel,file,,,,,,
V3R-f34bd039e79d,Sync failed for username queue — retry after backup,username,,,,,,
V3R-f3e136e94282,Filter by NPR then print the ledger summary,NPR,,,,,,
V3R-f3edbd35dc4b,review shared surface serial in mixed shop note before close,serial,,,,,,
V3R-f3f53ca36776,Please update the guarantee field in the English settings panel,guarantee,,,,,,
V3R-f43d52c0ce93,branch ledger: sales entry ra dekhau baaki milaaune,dekhau,,,,,,
V3R-f57aad742da1,Sync failed for rate queue — retry after backup,rate,,,,,,
V3R-f5ed03ea8fb2,Please update the access field in the English settings panel,access,,,,,,
V3R-f5f306640f8c,check account once before posting — context unclear,account,,,,,,
V3R-f66ef9480002,aaja catalogue ko hisab milaaidim ra baaki clear gara,catalogue,,,,,,
V3R-f6a3884e3fdf,aaja result ko hisab milaaidim ra baaki clear gara,result,,,,,,
V3R-f6dab734d18e,aaja clause ko hisab milaaidim ra baaki clear gara,clause,,,,,,
V3R-f71f480923c4,Please open the delivery module and export the report,delivery,,,,,,
V3R-f7e0d707df70,check mark once before posting — context unclear,mark,,,,,,
V3R-f95c9d02c942,Please update the type field in the English settings panel,type,,,,,,
V3R-f9dc043d6845,aaja error ko hisab milaaidim ra baaki clear gara,error,,,,,,
V3R-f9f8ad250ac6,review shared surface utr in mixed shop note before close,utr,,,,,,
V3R-fa501b9c293d,branch ledger: bonus entry ra baaki baaki milaaune,baaki,,,,,,
V3R-fa6f11380b27,Please open the salary module and export the report,salary,,,,,,
V3R-fac10e432121,branch ledger: journal entry ra beluka baaki milaaune,journal,,,,,,
V3R-fafce13a07c1,Please update the base field in the English settings panel,base,,,,,,
V3R-fb6d6b2cdb40,Please update the miss field in the English settings panel,miss,,,,,,
V3R-fd3f50896c75,Please update the right field in the English settings panel,right,,,,,,
V3R-fd70d4c780ca,Please update the link field in the English settings panel,link,,,,,,
V3R-fd947b1a10c4,check draft once before posting — context unclear,draft,,,,,,
V3R-ff7755c41f0d,aaja seal ko hisab milaaidim ra baaki clear gara,seal,,,,,,
