severity,file_id,filename,check_code,message,record_id,line_number
ERROR,0004,ORBIX_NP_LANG_KB_0004_FILE_NAMING_ID_VERSIONING_AND_MANIFEST_STANDARD.txt,MALFORMED_RECORD_HEADER,RECORD:CONCEPT.ACCOUNTING.ACCOUNTS_RECEIVABLE,,1693
ERROR,0017,ORBIX_NP_LANG_KB_0017_ROMANIZED_NEPALI_VOWEL_CONSONANT_ASPIRATION_AND_NASALIZATION_RULES.txt,MALFORMED_RECORD_HEADER,RECORD_ID: KEYWORD.MUST,,62
ERROR,0017,ORBIX_NP_LANG_KB_0017_ROMANIZED_NEPALI_VOWEL_CONSONANT_ASPIRATION_AND_NASALIZATION_RULES.txt,MALFORMED_RECORD_HEADER,RECORD_ID: KEYWORD.MUST_NOT,,66
ERROR,0017,ORBIX_NP_LANG_KB_0017_ROMANIZED_NEPALI_VOWEL_CONSONANT_ASPIRATION_AND_NASALIZATION_RULES.txt,MALFORMED_RECORD_HEADER,RECORD_ID: KEYWORD.SHOULD,,70
ERROR,0017,ORBIX_NP_LANG_KB_0017_ROMANIZED_NEPALI_VOWEL_CONSONANT_ASPIRATION_AND_NASALIZATION_RULES.txt,MALFORMED_RECORD_HEADER,RECORD_ID: KEYWORD.SHOULD_NOT,,74
ERROR,0017,ORBIX_NP_LANG_KB_0017_ROMANIZED_NEPALI_VOWEL_CONSONANT_ASPIRATION_AND_NASALIZATION_RULES.txt,MALFORMED_RECORD_HEADER,RECORD_ID: KEYWORD.MAY,,78
ERROR,0017,ORBIX_NP_LANG_KB_0017_ROMANIZED_NEPALI_VOWEL_CONSONANT_ASPIRATION_AND_NASALIZATION_RULES.txt,MALFORMED_RECORD_HEADER,RECORD_ID: KEYWORD.CANDIDATE,,82
ERROR,0017,ORBIX_NP_LANG_KB_0017_ROMANIZED_NEPALI_VOWEL_CONSONANT_ASPIRATION_AND_NASALIZATION_RULES.txt,MALFORMED_RECORD_HEADER,RECORD_ID: KEYWORD.CANONICAL,,86
ERROR,0017,ORBIX_NP_LANG_KB_0017_ROMANIZED_NEPALI_VOWEL_CONSONANT_ASPIRATION_AND_NASALIZATION_RULES.txt,MALFORMED_RECORD_HEADER,RECORD_ID: KEYWORD.PROTECTED,,90
ERROR,0017,ORBIX_NP_LANG_KB_0017_ROMANIZED_NEPALI_VOWEL_CONSONANT_ASPIRATION_AND_NASALIZATION_RULES.txt,MALFORMED_RECORD_HEADER,RECORD_ID: KEYWORD.MATERIAL,,94
ERROR,0017,ORBIX_NP_LANG_KB_0017_ROMANIZED_NEPALI_VOWEL_CONSONANT_ASPIRATION_AND_NASALIZATION_RULES.txt,MALFORMED_RECORD_HEADER,RECORD_ID: KEYWORD.AUTHORITY,,98
ERROR,0017,ORBIX_NP_LANG_KB_0017_ROMANIZED_NEPALI_VOWEL_CONSONANT_ASPIRATION_AND_NASALIZATION_RULES.txt,MALFORMED_RECORD_HEADER,RECORD_ID: TERM.001,,168
ERROR,0017,ORBIX_NP_LANG_KB_0017_ROMANIZED_NEPALI_VOWEL_CONSONANT_ASPIRATION_AND_NASALIZATION_RULES.txt,MALFORMED_RECORD_HEADER,RECORD_ID: TERM.002,,172
ERROR,0017,ORBIX_NP_LANG_KB_0017_ROMANIZED_NEPALI_VOWEL_CONSONANT_ASPIRATION_AND_NASALIZATION_RULES.txt,MALFORMED_RECORD_HEADER,RECORD_ID: TERM.003,,176
ERROR,0017,ORBIX_NP_LANG_KB_0017_ROMANIZED_NEPALI_VOWEL_CONSONANT_ASPIRATION_AND_NASALIZATION_RULES.txt,MALFORMED_RECORD_HEADER,RECORD_ID: TERM.004,,180
ERROR,0017,ORBIX_NP_LANG_KB_0017_ROMANIZED_NEPALI_VOWEL_CONSONANT_ASPIRATION_AND_NASALIZATION_RULES.txt,MALFORMED_RECORD_HEADER,RECORD_ID: TERM.005,,184
ERROR,0017,ORBIX_NP_LANG_KB_0017_ROMANIZED_NEPALI_VOWEL_CONSONANT_ASPIRATION_AND_NASALIZATION_RULES.txt,MALFORMED_RECORD_HEADER,RECORD_ID: TERM.006,,188
ERROR,0017,ORBIX_NP_LANG_KB_0017_ROMANIZED_NEPALI_VOWEL_CONSONANT_ASPIRATION_AND_NASALIZATION_RULES.txt,MALFORMED_RECORD_HEADER,RECORD_ID: TERM.007,,192
ERROR,0017,ORBIX_NP_LANG_KB_0017_ROMANIZED_NEPALI_VOWEL_CONSONANT_ASPIRATION_AND_NASALIZATION_RULES.txt,MALFORMED_RECORD_HEADER,RECORD_ID: TERM.008,,196
ERROR,0017,ORBIX_NP_LANG_KB_0017_ROMANIZED_NEPALI_VOWEL_CONSONANT_ASPIRATION_AND_NASALIZATION_RULES.txt,MALFORMED_RECORD_HEADER,RECORD_ID: TERM.009,,200
ERROR,0017,ORBIX_NP_LANG_KB_0017_ROMANIZED_NEPALI_VOWEL_CONSONANT_ASPIRATION_AND_NASALIZATION_RULES.txt,MALFORMED_RECORD_HEADER,RECORD_ID: TERM.010,,204
ERROR,0017,ORBIX_NP_LANG_KB_0017_ROMANIZED_NEPALI_VOWEL_CONSONANT_ASPIRATION_AND_NASALIZATION_RULES.txt,MALFORMED_RECORD_HEADER,RECORD_ID: TERM.011,,208
ERROR,0017,ORBIX_NP_LANG_KB_0017_ROMANIZED_NEPALI_VOWEL_CONSONANT_ASPIRATION_AND_NASALIZATION_RULES.txt,MALFORMED_RECORD_HEADER,RECORD_ID: TERM.012,,212
ERROR,0017,ORBIX_NP_LANG_KB_0017_ROMANIZED_NEPALI_VOWEL_CONSONANT_ASPIRATION_AND_NASALIZATION_RULES.txt,MALFORMED_RECORD_HEADER,RECORD_ID: TERM.013,,216
ERROR,0017,ORBIX_NP_LANG_KB_0017_ROMANIZED_NEPALI_VOWEL_CONSONANT_ASPIRATION_AND_NASALIZATION_RULES.txt,MALFORMED_RECORD_HEADER,RECORD_ID: TERM.014,,220
ERROR,0017,ORBIX_NP_LANG_KB_0017_ROMANIZED_NEPALI_VOWEL_CONSONANT_ASPIRATION_AND_NASALIZATION_RULES.txt,MALFORMED_RECORD_HEADER,RECORD_ID: TERM.015,,224
ERROR,0017,ORBIX_NP_LANG_KB_0017_ROMANIZED_NEPALI_VOWEL_CONSONANT_ASPIRATION_AND_NASALIZATION_RULES.txt,MALFORMED_RECORD_HEADER,RECORD_ID: TERM.016,,228
ERROR,0017,ORBIX_NP_LANG_KB_0017_ROMANIZED_NEPALI_VOWEL_CONSONANT_ASPIRATION_AND_NASALIZATION_RULES.txt,MALFORMED_RECORD_HEADER,RECORD_ID: TERM.017,,232
ERROR,0017,ORBIX_NP_LANG_KB_0017_ROMANIZED_NEPALI_VOWEL_CONSONANT_ASPIRATION_AND_NASALIZATION_RULES.txt,MALFORMED_RECORD_HEADER,RECORD_ID: TERM.018,,236
ERROR,0017,ORBIX_NP_LANG_KB_0017_ROMANIZED_NEPALI_VOWEL_CONSONANT_ASPIRATION_AND_NASALIZATION_RULES.txt,MALFORMED_RECORD_HEADER,RECORD_ID: TERM.019,,240
ERROR,0017,ORBIX_NP_LANG_KB_0017_ROMANIZED_NEPALI_VOWEL_CONSONANT_ASPIRATION_AND_NASALIZATION_RULES.txt,MALFORMED_RECORD_HEADER,RECORD_ID: TERM.020,,244
ERROR,0017,ORBIX_NP_LANG_KB_0017_ROMANIZED_NEPALI_VOWEL_CONSONANT_ASPIRATION_AND_NASALIZATION_RULES.txt,MALFORMED_RECORD_HEADER,RECORD_ID: TERM.021,,248
ERROR,0017,ORBIX_NP_LANG_KB_0017_ROMANIZED_NEPALI_VOWEL_CONSONANT_ASPIRATION_AND_NASALIZATION_RULES.txt,MALFORMED_RECORD_HEADER,RECORD_ID: TERM.022,,252
ERROR,0017,ORBIX_NP_LANG_KB_0017_ROMANIZED_NEPALI_VOWEL_CONSONANT_ASPIRATION_AND_NASALIZATION_RULES.txt,MALFORMED_RECORD_HEADER,RECORD_ID: TERM.023,,256
ERROR,0017,ORBIX_NP_LANG_KB_0017_ROMANIZED_NEPALI_VOWEL_CONSONANT_ASPIRATION_AND_NASALIZATION_RULES.txt,MALFORMED_RECORD_HEADER,RECORD_ID: TERM.024,,260
ERROR,0017,ORBIX_NP_LANG_KB_0017_ROMANIZED_NEPALI_VOWEL_CONSONANT_ASPIRATION_AND_NASALIZATION_RULES.txt,MALFORMED_RECORD_HEADER,RECORD_ID: VOWEL.BASE.001,,318
ERROR,0017,ORBIX_NP_LANG_KB_0017_ROMANIZED_NEPALI_VOWEL_CONSONANT_ASPIRATION_AND_NASALIZATION_RULES.txt,MALFORMED_RECORD_HEADER,RECORD_ID: VOWEL.BASE.002,,330
ERROR,0017,ORBIX_NP_LANG_KB_0017_ROMANIZED_NEPALI_VOWEL_CONSONANT_ASPIRATION_AND_NASALIZATION_RULES.txt,MALFORMED_RECORD_HEADER,RECORD_ID: VOWEL.BASE.003,,342
ERROR,0017,ORBIX_NP_LANG_KB_0017_ROMANIZED_NEPALI_VOWEL_CONSONANT_ASPIRATION_AND_NASALIZATION_RULES.txt,MALFORMED_RECORD_HEADER,RECORD_ID: VOWEL.BASE.004,,352
ERROR,0017,ORBIX_NP_LANG_KB_0017_ROMANIZED_NEPALI_VOWEL_CONSONANT_ASPIRATION_AND_NASALIZATION_RULES.txt,MALFORMED_RECORD_HEADER,RECORD_ID: VOWEL.BASE.005,,365
ERROR,0017,ORBIX_NP_LANG_KB_0017_ROMANIZED_NEPALI_VOWEL_CONSONANT_ASPIRATION_AND_NASALIZATION_RULES.txt,MALFORMED_RECORD_HEADER,RECORD_ID: VOWEL.BASE.006,,376
ERROR,0017,ORBIX_NP_LANG_KB_0017_ROMANIZED_NEPALI_VOWEL_CONSONANT_ASPIRATION_AND_NASALIZATION_RULES.txt,MALFORMED_RECORD_HEADER,RECORD_ID: VOWEL.BASE.007,,388
ERROR,0017,ORBIX_NP_LANG_KB_0017_ROMANIZED_NEPALI_VOWEL_CONSONANT_ASPIRATION_AND_NASALIZATION_RULES.txt,MALFORMED_RECORD_HEADER,RECORD_ID: VOWEL.BASE.008,,398
ERROR,0017,ORBIX_NP_LANG_KB_0017_ROMANIZED_NEPALI_VOWEL_CONSONANT_ASPIRATION_AND_NASALIZATION_RULES.txt,MALFORMED_RECORD_HEADER,RECORD_ID: VOWEL.BASE.009,,411
ERROR,0017,ORBIX_NP_LANG_KB_0017_ROMANIZED_NEPALI_VOWEL_CONSONANT_ASPIRATION_AND_NASALIZATION_RULES.txt,MALFORMED_RECORD_HEADER,RECORD_ID: VOWEL.BASE.010,,421
ERROR,0017,ORBIX_NP_LANG_KB_0017_ROMANIZED_NEPALI_VOWEL_CONSONANT_ASPIRATION_AND_NASALIZATION_RULES.txt,MALFORMED_RECORD_HEADER,RECORD_ID: VOWEL.BASE.011,,433
ERROR,0017,ORBIX_NP_LANG_KB_0017_ROMANIZED_NEPALI_VOWEL_CONSONANT_ASPIRATION_AND_NASALIZATION_RULES.txt,MALFORMED_RECORD_HEADER,RECORD_ID: VOWEL.BASE.012,,443
ERROR,0017,ORBIX_NP_LANG_KB_0017_ROMANIZED_NEPALI_VOWEL_CONSONANT_ASPIRATION_AND_NASALIZATION_RULES.txt,MALFORMED_RECORD_HEADER,RECORD_ID: VOWEL.BASE.013,,454
ERROR,0017,ORBIX_NP_LANG_KB_0017_ROMANIZED_NEPALI_VOWEL_CONSONANT_ASPIRATION_AND_NASALIZATION_RULES.txt,MALFORMED_RECORD_HEADER,RECORD_ID: VOWEL.BASE.014,,466
ERROR,0017,ORBIX_NP_LANG_KB_0017_ROMANIZED_NEPALI_VOWEL_CONSONANT_ASPIRATION_AND_NASALIZATION_RULES.txt,MALFORMED_RECORD_HEADER,RECORD_ID: VOWEL.BASE.015,,477
ERROR,0017,ORBIX_NP_LANG_KB_0017_ROMANIZED_NEPALI_VOWEL_CONSONANT_ASPIRATION_AND_NASALIZATION_RULES.txt,MALFORMED_RECORD_HEADER,RECORD_ID: VOWEL.BASE.016,,489
ERROR,0017,ORBIX_NP_LANG_KB_0017_ROMANIZED_NEPALI_VOWEL_CONSONANT_ASPIRATION_AND_NASALIZATION_RULES.txt,MALFORMED_RECORD_HEADER,RECORD_ID: VOWEL.BASE.017,,501
ERROR,0017,ORBIX_NP_LANG_KB_0017_ROMANIZED_NEPALI_VOWEL_CONSONANT_ASPIRATION_AND_NASALIZATION_RULES.txt,MALFORMED_RECORD_HEADER,RECORD_ID: VOWEL.BASE.018,,512
ERROR,0017,ORBIX_NP_LANG_KB_0017_ROMANIZED_NEPALI_VOWEL_CONSONANT_ASPIRATION_AND_NASALIZATION_RULES.txt,MALFORMED_RECORD_HEADER,RECORD_ID: VOWEL.BASE.019,,522
ERROR,0017,ORBIX_NP_LANG_KB_0017_ROMANIZED_NEPALI_VOWEL_CONSONANT_ASPIRATION_AND_NASALIZATION_RULES.txt,MALFORMED_RECORD_HEADER,RECORD_ID: VOWEL.LENGTH.001,,569
ERROR,0017,ORBIX_NP_LANG_KB_0017_ROMANIZED_NEPALI_VOWEL_CONSONANT_ASPIRATION_AND_NASALIZATION_RULES.txt,MALFORMED_RECORD_HEADER,RECORD_ID: VOWEL.LENGTH.002,,576
ERROR,0017,ORBIX_NP_LANG_KB_0017_ROMANIZED_NEPALI_VOWEL_CONSONANT_ASPIRATION_AND_NASALIZATION_RULES.txt,MALFORMED_RECORD_HEADER,RECORD_ID: VOWEL.LENGTH.003,,583
ERROR,0017,ORBIX_NP_LANG_KB_0017_ROMANIZED_NEPALI_VOWEL_CONSONANT_ASPIRATION_AND_NASALIZATION_RULES.txt,MALFORMED_RECORD_HEADER,RECORD_ID: VOWEL.SEQUENCE.001,,656
ERROR,0017,ORBIX_NP_LANG_KB_0017_ROMANIZED_NEPALI_VOWEL_CONSONANT_ASPIRATION_AND_NASALIZATION_RULES.txt,MALFORMED_RECORD_HEADER,RECORD_ID: VOWEL.SEQUENCE.002,,666
ERROR,0017,ORBIX_NP_LANG_KB_0017_ROMANIZED_NEPALI_VOWEL_CONSONANT_ASPIRATION_AND_NASALIZATION_RULES.txt,MALFORMED_RECORD_HEADER,RECORD_ID: VOWEL.SEQUENCE.003,,676
ERROR,0017,ORBIX_NP_LANG_KB_0017_ROMANIZED_NEPALI_VOWEL_CONSONANT_ASPIRATION_AND_NASALIZATION_RULES.txt,MALFORMED_RECORD_HEADER,RECORD_ID: VOWEL.SEQUENCE.004,,686
ERROR,0017,ORBIX_NP_LANG_KB_0017_ROMANIZED_NEPALI_VOWEL_CONSONANT_ASPIRATION_AND_NASALIZATION_RULES.txt,MALFORMED_RECORD_HEADER,RECORD_ID: VOWEL.SEQUENCE.005,,695
ERROR,0017,ORBIX_NP_LANG_KB_0017_ROMANIZED_NEPALI_VOWEL_CONSONANT_ASPIRATION_AND_NASALIZATION_RULES.txt,MALFORMED_RECORD_HEADER,RECORD_ID: VOWEL.SEQUENCE.006,,705
ERROR,0017,ORBIX_NP_LANG_KB_0017_ROMANIZED_NEPALI_VOWEL_CONSONANT_ASPIRATION_AND_NASALIZATION_RULES.txt,MALFORMED_RECORD_HEADER,RECORD_ID: VOWEL.SEQUENCE.007,,715
ERROR,0017,ORBIX_NP_LANG_KB_0017_ROMANIZED_NEPALI_VOWEL_CONSONANT_ASPIRATION_AND_NASALIZATION_RULES.txt,MALFORMED_RECORD_HEADER,RECORD_ID: VOWEL.SEQUENCE.008,,725
ERROR,0017,ORBIX_NP_LANG_KB_0017_ROMANIZED_NEPALI_VOWEL_CONSONANT_ASPIRATION_AND_NASALIZATION_RULES.txt,MALFORMED_RECORD_HEADER,RECORD_ID: VOWEL.SEQUENCE.009,,735
ERROR,0017,ORBIX_NP_LANG_KB_0017_ROMANIZED_NEPALI_VOWEL_CONSONANT_ASPIRATION_AND_NASALIZATION_RULES.txt,MALFORMED_RECORD_HEADER,RECORD_ID: CONSONANT.BASE.001,,747
ERROR,0017,ORBIX_NP_LANG_KB_0017_ROMANIZED_NEPALI_VOWEL_CONSONANT_ASPIRATION_AND_NASALIZATION_RULES.txt,MALFORMED_RECORD_HEADER,RECORD_ID: CONSONANT.BASE.002,,759
ERROR,0017,ORBIX_NP_LANG_KB_0017_ROMANIZED_NEPALI_VOWEL_CONSONANT_ASPIRATION_AND_NASALIZATION_RULES.txt,MALFORMED_RECORD_HEADER,RECORD_ID: CONSONANT.BASE.003,,769
ERROR,0017,ORBIX_NP_LANG_KB_0017_ROMANIZED_NEPALI_VOWEL_CONSONANT_ASPIRATION_AND_NASALIZATION_RULES.txt,MALFORMED_RECORD_HEADER,RECORD_ID: CONSONANT.BASE.004,,779
ERROR,0017,ORBIX_NP_LANG_KB_0017_ROMANIZED_NEPALI_VOWEL_CONSONANT_ASPIRATION_AND_NASALIZATION_RULES.txt,MALFORMED_RECORD_HEADER,RECORD_ID: CONSONANT.BASE.005,,789
ERROR,0017,ORBIX_NP_LANG_KB_0017_ROMANIZED_NEPALI_VOWEL_CONSONANT_ASPIRATION_AND_NASALIZATION_RULES.txt,MALFORMED_RECORD_HEADER,RECORD_ID: CONSONANT.BASE.006,,802
ERROR,0017,ORBIX_NP_LANG_KB_0017_ROMANIZED_NEPALI_VOWEL_CONSONANT_ASPIRATION_AND_NASALIZATION_RULES.txt,MALFORMED_RECORD_HEADER,RECORD_ID: CONSONANT.BASE.007,,816
ERROR,0017,ORBIX_NP_LANG_KB_0017_ROMANIZED_NEPALI_VOWEL_CONSONANT_ASPIRATION_AND_NASALIZATION_RULES.txt,MALFORMED_RECORD_HEADER,RECORD_ID: CONSONANT.BASE.008,,829
ERROR,0017,ORBIX_NP_LANG_KB_0017_ROMANIZED_NEPALI_VOWEL_CONSONANT_ASPIRATION_AND_NASALIZATION_RULES.txt,MALFORMED_RECORD_HEADER,RECORD_ID: CONSONANT.BASE.009,,840
ERROR,0017,ORBIX_NP_LANG_KB_0017_ROMANIZED_NEPALI_VOWEL_CONSONANT_ASPIRATION_AND_NASALIZATION_RULES.txt,MALFORMED_RECORD_HEADER,RECORD_ID: CONSONANT.BASE.010,,851
ERROR,0017,ORBIX_NP_LANG_KB_0017_ROMANIZED_NEPALI_VOWEL_CONSONANT_ASPIRATION_AND_NASALIZATION_RULES.txt,MALFORMED_RECORD_HEADER,RECORD_ID: CONSONANT.BASE.011,,861
ERROR,0017,ORBIX_NP_LANG_KB_0017_ROMANIZED_NEPALI_VOWEL_CONSONANT_ASPIRATION_AND_NASALIZATION_RULES.txt,MALFORMED_RECORD_HEADER,RECORD_ID: CONSONANT.BASE.012,,872
ERROR,0017,ORBIX_NP_LANG_KB_0017_ROMANIZED_NEPALI_VOWEL_CONSONANT_ASPIRATION_AND_NASALIZATION_RULES.txt,MALFORMED_RECORD_HEADER,RECORD_ID: CONSONANT.BASE.013,,884
ERROR,0017,ORBIX_NP_LANG_KB_0017_ROMANIZED_NEPALI_VOWEL_CONSONANT_ASPIRATION_AND_NASALIZATION_RULES.txt,MALFORMED_RECORD_HEADER,RECORD_ID: CONSONANT.BASE.014,,895
ERROR,0017,ORBIX_NP_LANG_KB_0017_ROMANIZED_NEPALI_VOWEL_CONSONANT_ASPIRATION_AND_NASALIZATION_RULES.txt,MALFORMED_RECORD_HEADER,RECORD_ID: CONSONANT.BASE.015,,906
ERROR,0017,ORBIX_NP_LANG_KB_0017_ROMANIZED_NEPALI_VOWEL_CONSONANT_ASPIRATION_AND_NASALIZATION_RULES.txt,MALFORMED_RECORD_HEADER,RECORD_ID: CONSONANT.BASE.016,,917
ERROR,0017,ORBIX_NP_LANG_KB_0017_ROMANIZED_NEPALI_VOWEL_CONSONANT_ASPIRATION_AND_NASALIZATION_RULES.txt,MALFORMED_RECORD_HEADER,RECORD_ID: CONSONANT.BASE.017,,932
ERROR,0017,ORBIX_NP_LANG_KB_0017_ROMANIZED_NEPALI_VOWEL_CONSONANT_ASPIRATION_AND_NASALIZATION_RULES.txt,MALFORMED_RECORD_HEADER,RECORD_ID: CONSONANT.BASE.018,,943
ERROR,0017,ORBIX_NP_LANG_KB_0017_ROMANIZED_NEPALI_VOWEL_CONSONANT_ASPIRATION_AND_NASALIZATION_RULES.txt,MALFORMED_RECORD_HEADER,RECORD_ID: CONSONANT.BASE.019,,954
ERROR,0017,ORBIX_NP_LANG_KB_0017_ROMANIZED_NEPALI_VOWEL_CONSONANT_ASPIRATION_AND_NASALIZATION_RULES.txt,MALFORMED_RECORD_HEADER,RECORD_ID: CONSONANT.BASE.020,,966
ERROR,0017,ORBIX_NP_LANG_KB_0017_ROMANIZED_NEPALI_VOWEL_CONSONANT_ASPIRATION_AND_NASALIZATION_RULES.txt,MALFORMED_RECORD_HEADER,RECORD_ID: CONSONANT.BASE.021,,978
ERROR,0017,ORBIX_NP_LANG_KB_0017_ROMANIZED_NEPALI_VOWEL_CONSONANT_ASPIRATION_AND_NASALIZATION_RULES.txt,MALFORMED_RECORD_HEADER,RECORD_ID: CONSONANT.BASE.022,,989
ERROR,0017,ORBIX_NP_LANG_KB_0017_ROMANIZED_NEPALI_VOWEL_CONSONANT_ASPIRATION_AND_NASALIZATION_RULES.txt,MALFORMED_RECORD_HEADER,RECORD_ID: CONSONANT.BASE.023,,1000
ERROR,0017,ORBIX_NP_LANG_KB_0017_ROMANIZED_NEPALI_VOWEL_CONSONANT_ASPIRATION_AND_NASALIZATION_RULES.txt,MALFORMED_RECORD_HEADER,RECORD_ID: CONSONANT.BASE.024,,1010
ERROR,0017,ORBIX_NP_LANG_KB_0017_ROMANIZED_NEPALI_VOWEL_CONSONANT_ASPIRATION_AND_NASALIZATION_RULES.txt,MALFORMED_RECORD_HEADER,RECORD_ID: CONSONANT.BASE.025,,1022
ERROR,0017,ORBIX_NP_LANG_KB_0017_ROMANIZED_NEPALI_VOWEL_CONSONANT_ASPIRATION_AND_NASALIZATION_RULES.txt,MALFORMED_RECORD_HEADER,RECORD_ID: CONSONANT.BASE.026,,1032
ERROR,0017,ORBIX_NP_LANG_KB_0017_ROMANIZED_NEPALI_VOWEL_CONSONANT_ASPIRATION_AND_NASALIZATION_RULES.txt,MALFORMED_RECORD_HEADER,RECORD_ID: CONSONANT.BASE.027,,1046
ERROR,0017,ORBIX_NP_LANG_KB_0017_ROMANIZED_NEPALI_VOWEL_CONSONANT_ASPIRATION_AND_NASALIZATION_RULES.txt,MALFORMED_RECORD_HEADER,RECORD_ID: CONSONANT.BASE.028,,1057
ERROR,0017,ORBIX_NP_LANG_KB_0017_ROMANIZED_NEPALI_VOWEL_CONSONANT_ASPIRATION_AND_NASALIZATION_RULES.txt,MALFORMED_RECORD_HEADER,RECORD_ID: CONSONANT.BASE.029,,1069
ERROR,0017,ORBIX_NP_LANG_KB_0017_ROMANIZED_NEPALI_VOWEL_CONSONANT_ASPIRATION_AND_NASALIZATION_RULES.txt,MALFORMED_RECORD_HEADER,RECORD_ID: CONSONANT.BASE.030,,1080
ERROR,0017,ORBIX_NP_LANG_KB_0017_ROMANIZED_NEPALI_VOWEL_CONSONANT_ASPIRATION_AND_NASALIZATION_RULES.txt,MALFORMED_RECORD_HEADER,RECORD_ID: CONSONANT.BASE.031,,1091
ERROR,0017,ORBIX_NP_LANG_KB_0017_ROMANIZED_NEPALI_VOWEL_CONSONANT_ASPIRATION_AND_NASALIZATION_RULES.txt,MALFORMED_RECORD_HEADER,RECORD_ID: CONSONANT.BASE.032,,1102
ERROR,0017,ORBIX_NP_LANG_KB_0017_ROMANIZED_NEPALI_VOWEL_CONSONANT_ASPIRATION_AND_NASALIZATION_RULES.txt,MALFORMED_RECORD_HEADER,RECORD_ID: CONSONANT.BASE.033,,1114
ERROR,0017,ORBIX_NP_LANG_KB_0017_ROMANIZED_NEPALI_VOWEL_CONSONANT_ASPIRATION_AND_NASALIZATION_RULES.txt,MALFORMED_RECORD_HEADER,RECORD_ID: CONSONANT.BASE.034,,1128
ERROR,0017,ORBIX_NP_LANG_KB_0017_ROMANIZED_NEPALI_VOWEL_CONSONANT_ASPIRATION_AND_NASALIZATION_RULES.txt,MALFORMED_RECORD_HEADER,RECORD_ID: CONSONANT.BASE.035,,1140
ERROR,0017,ORBIX_NP_LANG_KB_0017_ROMANIZED_NEPALI_VOWEL_CONSONANT_ASPIRATION_AND_NASALIZATION_RULES.txt,MALFORMED_RECORD_HEADER,RECORD_ID: CONSONANT.BASE.036,,1153
ERROR,0017,ORBIX_NP_LANG_KB_0017_ROMANIZED_NEPALI_VOWEL_CONSONANT_ASPIRATION_AND_NASALIZATION_RULES.txt,MALFORMED_RECORD_HEADER,RECORD_ID: CONSONANT.BASE.037,,1163
ERROR,0017,ORBIX_NP_LANG_KB_0017_ROMANIZED_NEPALI_VOWEL_CONSONANT_ASPIRATION_AND_NASALIZATION_RULES.txt,MALFORMED_RECORD_HEADER,RECORD_ID: CONSONANT.BASE.038,,1173
ERROR,0017,ORBIX_NP_LANG_KB_0017_ROMANIZED_NEPALI_VOWEL_CONSONANT_ASPIRATION_AND_NASALIZATION_RULES.txt,MALFORMED_RECORD_HEADER,RECORD_ID: CONSONANT.BASE.039,,1183
ERROR,0017,ORBIX_NP_LANG_KB_0017_ROMANIZED_NEPALI_VOWEL_CONSONANT_ASPIRATION_AND_NASALIZATION_RULES.txt,MALFORMED_RECORD_HEADER,RECORD_ID: CONSONANT.BASE.040,,1193
ERROR,0017,ORBIX_NP_LANG_KB_0017_ROMANIZED_NEPALI_VOWEL_CONSONANT_ASPIRATION_AND_NASALIZATION_RULES.txt,MALFORMED_RECORD_HEADER,RECORD_ID: CONSONANT.BASE.041,,1203
ERROR,0017,ORBIX_NP_LANG_KB_0017_ROMANIZED_NEPALI_VOWEL_CONSONANT_ASPIRATION_AND_NASALIZATION_RULES.txt,MALFORMED_RECORD_HEADER,RECORD_ID: CONSONANT.BASE.042,,1213
ERROR,0017,ORBIX_NP_LANG_KB_0017_ROMANIZED_NEPALI_VOWEL_CONSONANT_ASPIRATION_AND_NASALIZATION_RULES.txt,MALFORMED_RECORD_HEADER,RECORD_ID: DENTRETRO.001,,1226
ERROR,0017,ORBIX_NP_LANG_KB_0017_ROMANIZED_NEPALI_VOWEL_CONSONANT_ASPIRATION_AND_NASALIZATION_RULES.txt,MALFORMED_RECORD_HEADER,RECORD_ID: DENTRETRO.002,,1241
ERROR,0017,ORBIX_NP_LANG_KB_0017_ROMANIZED_NEPALI_VOWEL_CONSONANT_ASPIRATION_AND_NASALIZATION_RULES.txt,MALFORMED_RECORD_HEADER,RECORD_ID: DENTRETRO.003,,1256
ERROR,0017,ORBIX_NP_LANG_KB_0017_ROMANIZED_NEPALI_VOWEL_CONSONANT_ASPIRATION_AND_NASALIZATION_RULES.txt,MALFORMED_RECORD_HEADER,RECORD_ID: DENTRETRO.004,,1271
ERROR,0017,ORBIX_NP_LANG_KB_0017_ROMANIZED_NEPALI_VOWEL_CONSONANT_ASPIRATION_AND_NASALIZATION_RULES.txt,MALFORMED_RECORD_HEADER,RECORD_ID: DENTRETRO.005,,1286
ERROR,0017,ORBIX_NP_LANG_KB_0017_ROMANIZED_NEPALI_VOWEL_CONSONANT_ASPIRATION_AND_NASALIZATION_RULES.txt,MALFORMED_RECORD_HEADER,RECORD_ID: ASPIRATION.PAIR.001,,1316
ERROR,0017,ORBIX_NP_LANG_KB_0017_ROMANIZED_NEPALI_VOWEL_CONSONANT_ASPIRATION_AND_NASALIZATION_RULES.txt,MALFORMED_RECORD_HEADER,RECORD_ID: ASPIRATION.PAIR.002,,1325
ERROR,0017,ORBIX_NP_LANG_KB_0017_ROMANIZED_NEPALI_VOWEL_CONSONANT_ASPIRATION_AND_NASALIZATION_RULES.txt,MALFORMED_RECORD_HEADER,RECORD_ID: ASPIRATION.PAIR.003,,1334
ERROR,0017,ORBIX_NP_LANG_KB_0017_ROMANIZED_NEPALI_VOWEL_CONSONANT_ASPIRATION_AND_NASALIZATION_RULES.txt,MALFORMED_RECORD_HEADER,RECORD_ID: ASPIRATION.PAIR.004,,1343
ERROR,0017,ORBIX_NP_LANG_KB_0017_ROMANIZED_NEPALI_VOWEL_CONSONANT_ASPIRATION_AND_NASALIZATION_RULES.txt,MALFORMED_RECORD_HEADER,RECORD_ID: ASPIRATION.PAIR.005,,1352
ERROR,0017,ORBIX_NP_LANG_KB_0017_ROMANIZED_NEPALI_VOWEL_CONSONANT_ASPIRATION_AND_NASALIZATION_RULES.txt,MALFORMED_RECORD_HEADER,RECORD_ID: ASPIRATION.PAIR.006,,1361
ERROR,0017,ORBIX_NP_LANG_KB_0017_ROMANIZED_NEPALI_VOWEL_CONSONANT_ASPIRATION_AND_NASALIZATION_RULES.txt,MALFORMED_RECORD_HEADER,RECORD_ID: ASPIRATION.PAIR.007,,1370
ERROR,0017,ORBIX_NP_LANG_KB_0017_ROMANIZED_NEPALI_VOWEL_CONSONANT_ASPIRATION_AND_NASALIZATION_RULES.txt,MALFORMED_RECORD_HEADER,RECORD_ID: ASPIRATION.PAIR.008,,1379
ERROR,0017,ORBIX_NP_LANG_KB_0017_ROMANIZED_NEPALI_VOWEL_CONSONANT_ASPIRATION_AND_NASALIZATION_RULES.txt,MALFORMED_RECORD_HEADER,RECORD_ID: NASAL.BASE.001,,1473
ERROR,0017,ORBIX_NP_LANG_KB_0017_ROMANIZED_NEPALI_VOWEL_CONSONANT_ASPIRATION_AND_NASALIZATION_RULES.txt,MALFORMED_RECORD_HEADER,RECORD_ID: NASAL.BASE.002,,1482
ERROR,0017,ORBIX_NP_LANG_KB_0017_ROMANIZED_NEPALI_VOWEL_CONSONANT_ASPIRATION_AND_NASALIZATION_RULES.txt,MALFORMED_RECORD_HEADER,RECORD_ID: NASAL.BASE.003,,1494
ERROR,0017,ORBIX_NP_LANG_KB_0017_ROMANIZED_NEPALI_VOWEL_CONSONANT_ASPIRATION_AND_NASALIZATION_RULES.txt,MALFORMED_RECORD_HEADER,RECORD_ID: NASAL.BASE.004,,1505
ERROR,0017,ORBIX_NP_LANG_KB_0017_ROMANIZED_NEPALI_VOWEL_CONSONANT_ASPIRATION_AND_NASALIZATION_RULES.txt,MALFORMED_RECORD_HEADER,RECORD_ID: NASAL.BASE.005,,1514
ERROR,0017,ORBIX_NP_LANG_KB_0017_ROMANIZED_NEPALI_VOWEL_CONSONANT_ASPIRATION_AND_NASALIZATION_RULES.txt,MALFORMED_RECORD_HEADER,RECORD_ID: NASAL.BASE.006,,1525
ERROR,0017,ORBIX_NP_LANG_KB_0017_ROMANIZED_NEPALI_VOWEL_CONSONANT_ASPIRATION_AND_NASALIZATION_RULES.txt,MALFORMED_RECORD_HEADER,RECORD_ID: NASAL.BASE.007,,1535
ERROR,0017,ORBIX_NP_LANG_KB_0017_ROMANIZED_NEPALI_VOWEL_CONSONANT_ASPIRATION_AND_NASALIZATION_RULES.txt,MALFORMED_RECORD_HEADER,RECORD_ID: NASAL.BASE.008,,1545
ERROR,0017,ORBIX_NP_LANG_KB_0017_ROMANIZED_NEPALI_VOWEL_CONSONANT_ASPIRATION_AND_NASALIZATION_RULES.txt,MALFORMED_RECORD_HEADER,RECORD_ID: NASAL.BASE.009,,1555
ERROR,0017,ORBIX_NP_LANG_KB_0017_ROMANIZED_NEPALI_VOWEL_CONSONANT_ASPIRATION_AND_NASALIZATION_RULES.txt,MALFORMED_RECORD_HEADER,RECORD_ID: HOMORGANIC.001,,1619
ERROR,0017,ORBIX_NP_LANG_KB_0017_ROMANIZED_NEPALI_VOWEL_CONSONANT_ASPIRATION_AND_NASALIZATION_RULES.txt,MALFORMED_RECORD_HEADER,RECORD_ID: HOMORGANIC.002,,1627
ERROR,0017,ORBIX_NP_LANG_KB_0017_ROMANIZED_NEPALI_VOWEL_CONSONANT_ASPIRATION_AND_NASALIZATION_RULES.txt,MALFORMED_RECORD_HEADER,RECORD_ID: HOMORGANIC.003,,1635
ERROR,0017,ORBIX_NP_LANG_KB_0017_ROMANIZED_NEPALI_VOWEL_CONSONANT_ASPIRATION_AND_NASALIZATION_RULES.txt,MALFORMED_RECORD_HEADER,RECORD_ID: HOMORGANIC.004,,1643
ERROR,0017,ORBIX_NP_LANG_KB_0017_ROMANIZED_NEPALI_VOWEL_CONSONANT_ASPIRATION_AND_NASALIZATION_RULES.txt,MALFORMED_RECORD_HEADER,RECORD_ID: HOMORGANIC.005,,1651
ERROR,0017,ORBIX_NP_LANG_KB_0017_ROMANIZED_NEPALI_VOWEL_CONSONANT_ASPIRATION_AND_NASALIZATION_RULES.txt,MALFORMED_RECORD_HEADER,RECORD_ID: HOMORGANIC.006,,1659
ERROR,0017,ORBIX_NP_LANG_KB_0017_ROMANIZED_NEPALI_VOWEL_CONSONANT_ASPIRATION_AND_NASALIZATION_RULES.txt,MALFORMED_RECORD_HEADER,RECORD_ID: NASAL.WORD.001,,1671
ERROR,0017,ORBIX_NP_LANG_KB_0017_ROMANIZED_NEPALI_VOWEL_CONSONANT_ASPIRATION_AND_NASALIZATION_RULES.txt,MALFORMED_RECORD_HEADER,RECORD_ID: NASAL.WORD.002,,1681
ERROR,0017,ORBIX_NP_LANG_KB_0017_ROMANIZED_NEPALI_VOWEL_CONSONANT_ASPIRATION_AND_NASALIZATION_RULES.txt,MALFORMED_RECORD_HEADER,RECORD_ID: NASAL.WORD.003,,1691
ERROR,0017,ORBIX_NP_LANG_KB_0017_ROMANIZED_NEPALI_VOWEL_CONSONANT_ASPIRATION_AND_NASALIZATION_RULES.txt,MALFORMED_RECORD_HEADER,RECORD_ID: NASAL.WORD.004,,1701
ERROR,0017,ORBIX_NP_LANG_KB_0017_ROMANIZED_NEPALI_VOWEL_CONSONANT_ASPIRATION_AND_NASALIZATION_RULES.txt,MALFORMED_RECORD_HEADER,RECORD_ID: NASAL.WORD.005,,1712
ERROR,0017,ORBIX_NP_LANG_KB_0017_ROMANIZED_NEPALI_VOWEL_CONSONANT_ASPIRATION_AND_NASALIZATION_RULES.txt,MALFORMED_RECORD_HEADER,RECORD_ID: NASAL.WORD.006,,1723
ERROR,0017,ORBIX_NP_LANG_KB_0017_ROMANIZED_NEPALI_VOWEL_CONSONANT_ASPIRATION_AND_NASALIZATION_RULES.txt,MALFORMED_RECORD_HEADER,RECORD_ID: NASAL.WORD.007,,1734
ERROR,0017,ORBIX_NP_LANG_KB_0017_ROMANIZED_NEPALI_VOWEL_CONSONANT_ASPIRATION_AND_NASALIZATION_RULES.txt,MALFORMED_RECORD_HEADER,RECORD_ID: NASAL.WORD.008,,1746
ERROR,0017,ORBIX_NP_LANG_KB_0017_ROMANIZED_NEPALI_VOWEL_CONSONANT_ASPIRATION_AND_NASALIZATION_RULES.txt,MALFORMED_RECORD_HEADER,RECORD_ID: NASAL.WORD.009,,1756
ERROR,0017,ORBIX_NP_LANG_KB_0017_ROMANIZED_NEPALI_VOWEL_CONSONANT_ASPIRATION_AND_NASALIZATION_RULES.txt,MALFORMED_RECORD_HEADER,RECORD_ID: NASAL.WORD.010,,1766
ERROR,0017,ORBIX_NP_LANG_KB_0017_ROMANIZED_NEPALI_VOWEL_CONSONANT_ASPIRATION_AND_NASALIZATION_RULES.txt,MALFORMED_RECORD_HEADER,RECORD_ID: NASAL.WORD.011,,1777
ERROR,0017,ORBIX_NP_LANG_KB_0017_ROMANIZED_NEPALI_VOWEL_CONSONANT_ASPIRATION_AND_NASALIZATION_RULES.txt,MALFORMED_RECORD_HEADER,RECORD_ID: NASAL.WORD.012,,1788
ERROR,0017,ORBIX_NP_LANG_KB_0017_ROMANIZED_NEPALI_VOWEL_CONSONANT_ASPIRATION_AND_NASALIZATION_RULES.txt,MALFORMED_RECORD_HEADER,RECORD_ID: CLUSTER.001,,1801
ERROR,0017,ORBIX_NP_LANG_KB_0017_ROMANIZED_NEPALI_VOWEL_CONSONANT_ASPIRATION_AND_NASALIZATION_RULES.txt,MALFORMED_RECORD_HEADER,RECORD_ID: CLUSTER.002,,1809
ERROR,0017,ORBIX_NP_LANG_KB_0017_ROMANIZED_NEPALI_VOWEL_CONSONANT_ASPIRATION_AND_NASALIZATION_RULES.txt,MALFORMED_RECORD_HEADER,RECORD_ID: CLUSTER.003,,1817
ERROR,0017,ORBIX_NP_LANG_KB_0017_ROMANIZED_NEPALI_VOWEL_CONSONANT_ASPIRATION_AND_NASALIZATION_RULES.txt,MALFORMED_RECORD_HEADER,RECORD_ID: CLUSTER.004,,1825
ERROR,0017,ORBIX_NP_LANG_KB_0017_ROMANIZED_NEPALI_VOWEL_CONSONANT_ASPIRATION_AND_NASALIZATION_RULES.txt,MALFORMED_RECORD_HEADER,RECORD_ID: CLUSTER.005,,1833
ERROR,0017,ORBIX_NP_LANG_KB_0017_ROMANIZED_NEPALI_VOWEL_CONSONANT_ASPIRATION_AND_NASALIZATION_RULES.txt,MALFORMED_RECORD_HEADER,RECORD_ID: CLUSTER.006,,1841
ERROR,0017,ORBIX_NP_LANG_KB_0017_ROMANIZED_NEPALI_VOWEL_CONSONANT_ASPIRATION_AND_NASALIZATION_RULES.txt,MALFORMED_RECORD_HEADER,RECORD_ID: CLUSTER.007,,1849
ERROR,0017,ORBIX_NP_LANG_KB_0017_ROMANIZED_NEPALI_VOWEL_CONSONANT_ASPIRATION_AND_NASALIZATION_RULES.txt,MALFORMED_RECORD_HEADER,RECORD_ID: CLUSTER.008,,1857
ERROR,0017,ORBIX_NP_LANG_KB_0017_ROMANIZED_NEPALI_VOWEL_CONSONANT_ASPIRATION_AND_NASALIZATION_RULES.txt,MALFORMED_RECORD_HEADER,RECORD_ID: CLUSTER.009,,1867
ERROR,0017,ORBIX_NP_LANG_KB_0017_ROMANIZED_NEPALI_VOWEL_CONSONANT_ASPIRATION_AND_NASALIZATION_RULES.txt,MALFORMED_RECORD_HEADER,RECORD_ID: CLUSTER.010,,1876
ERROR,0017,ORBIX_NP_LANG_KB_0017_ROMANIZED_NEPALI_VOWEL_CONSONANT_ASPIRATION_AND_NASALIZATION_RULES.txt,MALFORMED_RECORD_HEADER,RECORD_ID: CLUSTER.011,,1885
ERROR,0017,ORBIX_NP_LANG_KB_0017_ROMANIZED_NEPALI_VOWEL_CONSONANT_ASPIRATION_AND_NASALIZATION_RULES.txt,MALFORMED_RECORD_HEADER,RECORD_ID: CLUSTER.012,,1894
ERROR,0017,ORBIX_NP_LANG_KB_0017_ROMANIZED_NEPALI_VOWEL_CONSONANT_ASPIRATION_AND_NASALIZATION_RULES.txt,MALFORMED_RECORD_HEADER,RECORD_ID: CLUSTER.013,,1902
ERROR,0017,ORBIX_NP_LANG_KB_0017_ROMANIZED_NEPALI_VOWEL_CONSONANT_ASPIRATION_AND_NASALIZATION_RULES.txt,MALFORMED_RECORD_HEADER,RECORD_ID: CLUSTER.014,,1911
ERROR,0017,ORBIX_NP_LANG_KB_0017_ROMANIZED_NEPALI_VOWEL_CONSONANT_ASPIRATION_AND_NASALIZATION_RULES.txt,MALFORMED_RECORD_HEADER,RECORD_ID: CLUSTER.015,,1920
ERROR,0017,ORBIX_NP_LANG_KB_0017_ROMANIZED_NEPALI_VOWEL_CONSONANT_ASPIRATION_AND_NASALIZATION_RULES.txt,MALFORMED_RECORD_HEADER,RECORD_ID: CLUSTER.016,,1928
ERROR,0017,ORBIX_NP_LANG_KB_0017_ROMANIZED_NEPALI_VOWEL_CONSONANT_ASPIRATION_AND_NASALIZATION_RULES.txt,MALFORMED_RECORD_HEADER,RECORD_ID: CLUSTER.017,,1936
ERROR,0017,ORBIX_NP_LANG_KB_0017_ROMANIZED_NEPALI_VOWEL_CONSONANT_ASPIRATION_AND_NASALIZATION_RULES.txt,MALFORMED_RECORD_HEADER,RECORD_ID: CLUSTER.018,,1944
ERROR,0017,ORBIX_NP_LANG_KB_0017_ROMANIZED_NEPALI_VOWEL_CONSONANT_ASPIRATION_AND_NASALIZATION_RULES.txt,MALFORMED_RECORD_HEADER,RECORD_ID: CLUSTER.019,,1952
ERROR,0017,ORBIX_NP_LANG_KB_0017_ROMANIZED_NEPALI_VOWEL_CONSONANT_ASPIRATION_AND_NASALIZATION_RULES.txt,MALFORMED_RECORD_HEADER,RECORD_ID: CLUSTER.020,,1960
ERROR,0017,ORBIX_NP_LANG_KB_0017_ROMANIZED_NEPALI_VOWEL_CONSONANT_ASPIRATION_AND_NASALIZATION_RULES.txt,MALFORMED_RECORD_HEADER,RECORD_ID: CLUSTER.021,,1968
ERROR,0017,ORBIX_NP_LANG_KB_0017_ROMANIZED_NEPALI_VOWEL_CONSONANT_ASPIRATION_AND_NASALIZATION_RULES.txt,MALFORMED_RECORD_HEADER,RECORD_ID: CLUSTER.022,,1976
ERROR,0017,ORBIX_NP_LANG_KB_0017_ROMANIZED_NEPALI_VOWEL_CONSONANT_ASPIRATION_AND_NASALIZATION_RULES.txt,MALFORMED_RECORD_HEADER,RECORD_ID: CLUSTER.023,,1984
ERROR,0017,ORBIX_NP_LANG_KB_0017_ROMANIZED_NEPALI_VOWEL_CONSONANT_ASPIRATION_AND_NASALIZATION_RULES.txt,MALFORMED_RECORD_HEADER,RECORD_ID: CLUSTER.024,,1992
ERROR,0017,ORBIX_NP_LANG_KB_0017_ROMANIZED_NEPALI_VOWEL_CONSONANT_ASPIRATION_AND_NASALIZATION_RULES.txt,MALFORMED_RECORD_HEADER,RECORD_ID: CLUSTER.025,,2000
ERROR,0017,ORBIX_NP_LANG_KB_0017_ROMANIZED_NEPALI_VOWEL_CONSONANT_ASPIRATION_AND_NASALIZATION_RULES.txt,MALFORMED_RECORD_HEADER,RECORD_ID: CLUSTER.026,,2007
ERROR,0017,ORBIX_NP_LANG_KB_0017_ROMANIZED_NEPALI_VOWEL_CONSONANT_ASPIRATION_AND_NASALIZATION_RULES.txt,MALFORMED_RECORD_HEADER,RECORD_ID: CLUSTER.027,,2014
ERROR,0017,ORBIX_NP_LANG_KB_0017_ROMANIZED_NEPALI_VOWEL_CONSONANT_ASPIRATION_AND_NASALIZATION_RULES.txt,MALFORMED_RECORD_HEADER,RECORD_ID: CLUSTER.028,,2021
ERROR,0017,ORBIX_NP_LANG_KB_0017_ROMANIZED_NEPALI_VOWEL_CONSONANT_ASPIRATION_AND_NASALIZATION_RULES.txt,MALFORMED_RECORD_HEADER,RECORD_ID: CLUSTER.029,,2029
ERROR,0017,ORBIX_NP_LANG_KB_0017_ROMANIZED_NEPALI_VOWEL_CONSONANT_ASPIRATION_AND_NASALIZATION_RULES.txt,MALFORMED_RECORD_HEADER,RECORD_ID: CLUSTER.030,,2037
ERROR,0017,ORBIX_NP_LANG_KB_0017_ROMANIZED_NEPALI_VOWEL_CONSONANT_ASPIRATION_AND_NASALIZATION_RULES.txt,MALFORMED_RECORD_HEADER,RECORD_ID: CLUSTER.031,,2044
ERROR,0017,ORBIX_NP_LANG_KB_0017_ROMANIZED_NEPALI_VOWEL_CONSONANT_ASPIRATION_AND_NASALIZATION_RULES.txt,MALFORMED_RECORD_HEADER,RECORD_ID: CLUSTER.032,,2052
ERROR,0017,ORBIX_NP_LANG_KB_0017_ROMANIZED_NEPALI_VOWEL_CONSONANT_ASPIRATION_AND_NASALIZATION_RULES.txt,MALFORMED_RECORD_HEADER,RECORD_ID: CLUSTER.033,,2060
ERROR,0017,ORBIX_NP_LANG_KB_0017_ROMANIZED_NEPALI_VOWEL_CONSONANT_ASPIRATION_AND_NASALIZATION_RULES.txt,MALFORMED_RECORD_HEADER,RECORD_ID: CLUSTER.034,,2067
ERROR,0017,ORBIX_NP_LANG_KB_0017_ROMANIZED_NEPALI_VOWEL_CONSONANT_ASPIRATION_AND_NASALIZATION_RULES.txt,MALFORMED_RECORD_HEADER,RECORD_ID: CLUSTER.035,,2074
ERROR,0017,ORBIX_NP_LANG_KB_0017_ROMANIZED_NEPALI_VOWEL_CONSONANT_ASPIRATION_AND_NASALIZATION_RULES.txt,MALFORMED_RECORD_HEADER,RECORD_ID: CLUSTER.036,,2081
ERROR,0017,ORBIX_NP_LANG_KB_0017_ROMANIZED_NEPALI_VOWEL_CONSONANT_ASPIRATION_AND_NASALIZATION_RULES.txt,MALFORMED_RECORD_HEADER,RECORD_ID: CLUSTER.037,,2088
ERROR,0017,ORBIX_NP_LANG_KB_0017_ROMANIZED_NEPALI_VOWEL_CONSONANT_ASPIRATION_AND_NASALIZATION_RULES.txt,MALFORMED_RECORD_HEADER,RECORD_ID: CLUSTER.038,,2095
ERROR,0017,ORBIX_NP_LANG_KB_0017_ROMANIZED_NEPALI_VOWEL_CONSONANT_ASPIRATION_AND_NASALIZATION_RULES.txt,MALFORMED_RECORD_HEADER,RECORD_ID: CLUSTER.039,,2102
ERROR,0017,ORBIX_NP_LANG_KB_0017_ROMANIZED_NEPALI_VOWEL_CONSONANT_ASPIRATION_AND_NASALIZATION_RULES.txt,MALFORMED_RECORD_HEADER,RECORD_ID: CLUSTER.040,,2109
ERROR,0017,ORBIX_NP_LANG_KB_0017_ROMANIZED_NEPALI_VOWEL_CONSONANT_ASPIRATION_AND_NASALIZATION_RULES.txt,MALFORMED_RECORD_HEADER,RECORD_ID: CLUSTER.041,,2116
ERROR,0017,ORBIX_NP_LANG_KB_0017_ROMANIZED_NEPALI_VOWEL_CONSONANT_ASPIRATION_AND_NASALIZATION_RULES.txt,MALFORMED_RECORD_HEADER,RECORD_ID: CLUSTER.042,,2123
ERROR,0017,ORBIX_NP_LANG_KB_0017_ROMANIZED_NEPALI_VOWEL_CONSONANT_ASPIRATION_AND_NASALIZATION_RULES.txt,MALFORMED_RECORD_HEADER,RECORD_ID: MORPH.001,,2149
ERROR,0017,ORBIX_NP_LANG_KB_0017_ROMANIZED_NEPALI_VOWEL_CONSONANT_ASPIRATION_AND_NASALIZATION_RULES.txt,MALFORMED_RECORD_HEADER,RECORD_ID: MORPH.002,,2158
ERROR,0017,ORBIX_NP_LANG_KB_0017_ROMANIZED_NEPALI_VOWEL_CONSONANT_ASPIRATION_AND_NASALIZATION_RULES.txt,MALFORMED_RECORD_HEADER,RECORD_ID: MORPH.003,,2165
ERROR,0017,ORBIX_NP_LANG_KB_0017_ROMANIZED_NEPALI_VOWEL_CONSONANT_ASPIRATION_AND_NASALIZATION_RULES.txt,MALFORMED_RECORD_HEADER,RECORD_ID: MORPH.004,,2172
ERROR,0017,ORBIX_NP_LANG_KB_0017_ROMANIZED_NEPALI_VOWEL_CONSONANT_ASPIRATION_AND_NASALIZATION_RULES.txt,MALFORMED_RECORD_HEADER,RECORD_ID: MORPH.005,,2179
ERROR,0017,ORBIX_NP_LANG_KB_0017_ROMANIZED_NEPALI_VOWEL_CONSONANT_ASPIRATION_AND_NASALIZATION_RULES.txt,MALFORMED_RECORD_HEADER,RECORD_ID: MORPH.006,,2186
ERROR,0017,ORBIX_NP_LANG_KB_0017_ROMANIZED_NEPALI_VOWEL_CONSONANT_ASPIRATION_AND_NASALIZATION_RULES.txt,MALFORMED_RECORD_HEADER,RECORD_ID: MORPH.007,,2194
ERROR,0017,ORBIX_NP_LANG_KB_0017_ROMANIZED_NEPALI_VOWEL_CONSONANT_ASPIRATION_AND_NASALIZATION_RULES.txt,MALFORMED_RECORD_HEADER,RECORD_ID: MORPH.008,,2201
ERROR,0017,ORBIX_NP_LANG_KB_0017_ROMANIZED_NEPALI_VOWEL_CONSONANT_ASPIRATION_AND_NASALIZATION_RULES.txt,MALFORMED_RECORD_HEADER,RECORD_ID: MORPH.009,,2208
ERROR,0017,ORBIX_NP_LANG_KB_0017_ROMANIZED_NEPALI_VOWEL_CONSONANT_ASPIRATION_AND_NASALIZATION_RULES.txt,MALFORMED_RECORD_HEADER,RECORD_ID: MORPH.010,,2215
ERROR,0017,ORBIX_NP_LANG_KB_0017_ROMANIZED_NEPALI_VOWEL_CONSONANT_ASPIRATION_AND_NASALIZATION_RULES.txt,MALFORMED_RECORD_HEADER,RECORD_ID: MORPH.011,,2223
ERROR,0017,ORBIX_NP_LANG_KB_0017_ROMANIZED_NEPALI_VOWEL_CONSONANT_ASPIRATION_AND_NASALIZATION_RULES.txt,MALFORMED_RECORD_HEADER,RECORD_ID: MORPH.012,,2230
ERROR,0017,ORBIX_NP_LANG_KB_0017_ROMANIZED_NEPALI_VOWEL_CONSONANT_ASPIRATION_AND_NASALIZATION_RULES.txt,MALFORMED_RECORD_HEADER,RECORD_ID: MORPH.013,,2237
ERROR,0017,ORBIX_NP_LANG_KB_0017_ROMANIZED_NEPALI_VOWEL_CONSONANT_ASPIRATION_AND_NASALIZATION_RULES.txt,MALFORMED_RECORD_HEADER,RECORD_ID: MORPH.014,,2245
ERROR,0017,ORBIX_NP_LANG_KB_0017_ROMANIZED_NEPALI_VOWEL_CONSONANT_ASPIRATION_AND_NASALIZATION_RULES.txt,MALFORMED_RECORD_HEADER,RECORD_ID: MORPH.015,,2253
ERROR,0017,ORBIX_NP_LANG_KB_0017_ROMANIZED_NEPALI_VOWEL_CONSONANT_ASPIRATION_AND_NASALIZATION_RULES.txt,MALFORMED_RECORD_HEADER,RECORD_ID: MORPH.016,,2261
ERROR,0017,ORBIX_NP_LANG_KB_0017_ROMANIZED_NEPALI_VOWEL_CONSONANT_ASPIRATION_AND_NASALIZATION_RULES.txt,MALFORMED_RECORD_HEADER,RECORD_ID: MORPH.017,,2268
ERROR,0017,ORBIX_NP_LANG_KB_0017_ROMANIZED_NEPALI_VOWEL_CONSONANT_ASPIRATION_AND_NASALIZATION_RULES.txt,MALFORMED_RECORD_HEADER,RECORD_ID: MORPH.018,,2277
ERROR,0017,ORBIX_NP_LANG_KB_0017_ROMANIZED_NEPALI_VOWEL_CONSONANT_ASPIRATION_AND_NASALIZATION_RULES.txt,MALFORMED_RECORD_HEADER,RECORD_ID: MORPH.019,,2285
ERROR,0017,ORBIX_NP_LANG_KB_0017_ROMANIZED_NEPALI_VOWEL_CONSONANT_ASPIRATION_AND_NASALIZATION_RULES.txt,MALFORMED_RECORD_HEADER,RECORD_ID: MORPH.020,,2293
ERROR,0017,ORBIX_NP_LANG_KB_0017_ROMANIZED_NEPALI_VOWEL_CONSONANT_ASPIRATION_AND_NASALIZATION_RULES.txt,MALFORMED_RECORD_HEADER,RECORD_ID: MORPH.021,,2300
ERROR,0017,ORBIX_NP_LANG_KB_0017_ROMANIZED_NEPALI_VOWEL_CONSONANT_ASPIRATION_AND_NASALIZATION_RULES.txt,MALFORMED_RECORD_HEADER,RECORD_ID: MORPH.022,,2307
ERROR,0017,ORBIX_NP_LANG_KB_0017_ROMANIZED_NEPALI_VOWEL_CONSONANT_ASPIRATION_AND_NASALIZATION_RULES.txt,MALFORMED_RECORD_HEADER,RECORD_ID: MORPH.023,,2315
ERROR,0017,ORBIX_NP_LANG_KB_0017_ROMANIZED_NEPALI_VOWEL_CONSONANT_ASPIRATION_AND_NASALIZATION_RULES.txt,MALFORMED_RECORD_HEADER,RECORD_ID: MORPH.024,,2322
ERROR,0017,ORBIX_NP_LANG_KB_0017_ROMANIZED_NEPALI_VOWEL_CONSONANT_ASPIRATION_AND_NASALIZATION_RULES.txt,MALFORMED_RECORD_HEADER,RECORD_ID: MORPH.025,,2329
ERROR,0017,ORBIX_NP_LANG_KB_0017_ROMANIZED_NEPALI_VOWEL_CONSONANT_ASPIRATION_AND_NASALIZATION_RULES.txt,MALFORMED_RECORD_HEADER,RECORD_ID: LEX.EXAMPLE.001,,2339
ERROR,0017,ORBIX_NP_LANG_KB_0017_ROMANIZED_NEPALI_VOWEL_CONSONANT_ASPIRATION_AND_NASALIZATION_RULES.txt,MALFORMED_RECORD_HEADER,RECORD_ID: LEX.EXAMPLE.002,,2346
ERROR,0017,ORBIX_NP_LANG_KB_0017_ROMANIZED_NEPALI_VOWEL_CONSONANT_ASPIRATION_AND_NASALIZATION_RULES.txt,MALFORMED_RECORD_HEADER,RECORD_ID: LEX.EXAMPLE.003,,2353
ERROR,0017,ORBIX_NP_LANG_KB_0017_ROMANIZED_NEPALI_VOWEL_CONSONANT_ASPIRATION_AND_NASALIZATION_RULES.txt,MALFORMED_RECORD_HEADER,RECORD_ID: LEX.EXAMPLE.004,,2360
ERROR,0017,ORBIX_NP_LANG_KB_0017_ROMANIZED_NEPALI_VOWEL_CONSONANT_ASPIRATION_AND_NASALIZATION_RULES.txt,MALFORMED_RECORD_HEADER,RECORD_ID: LEX.EXAMPLE.005,,2367
ERROR,0017,ORBIX_NP_LANG_KB_0017_ROMANIZED_NEPALI_VOWEL_CONSONANT_ASPIRATION_AND_NASALIZATION_RULES.txt,MALFORMED_RECORD_HEADER,RECORD_ID: LEX.EXAMPLE.006,,2374
ERROR,0017,ORBIX_NP_LANG_KB_0017_ROMANIZED_NEPALI_VOWEL_CONSONANT_ASPIRATION_AND_NASALIZATION_RULES.txt,MALFORMED_RECORD_HEADER,RECORD_ID: LEX.EXAMPLE.007,,2381
ERROR,0017,ORBIX_NP_LANG_KB_0017_ROMANIZED_NEPALI_VOWEL_CONSONANT_ASPIRATION_AND_NASALIZATION_RULES.txt,MALFORMED_RECORD_HEADER,RECORD_ID: LEX.EXAMPLE.008,,2388
ERROR,0017,ORBIX_NP_LANG_KB_0017_ROMANIZED_NEPALI_VOWEL_CONSONANT_ASPIRATION_AND_NASALIZATION_RULES.txt,MALFORMED_RECORD_HEADER,RECORD_ID: LEX.EXAMPLE.009,,2395
ERROR,0017,ORBIX_NP_LANG_KB_0017_ROMANIZED_NEPALI_VOWEL_CONSONANT_ASPIRATION_AND_NASALIZATION_RULES.txt,MALFORMED_RECORD_HEADER,RECORD_ID: LEX.EXAMPLE.010,,2402
ERROR,0017,ORBIX_NP_LANG_KB_0017_ROMANIZED_NEPALI_VOWEL_CONSONANT_ASPIRATION_AND_NASALIZATION_RULES.txt,MALFORMED_RECORD_HEADER,RECORD_ID: LEX.EXAMPLE.011,,2409
ERROR,0017,ORBIX_NP_LANG_KB_0017_ROMANIZED_NEPALI_VOWEL_CONSONANT_ASPIRATION_AND_NASALIZATION_RULES.txt,MALFORMED_RECORD_HEADER,RECORD_ID: LEX.EXAMPLE.012,,2416
ERROR,0017,ORBIX_NP_LANG_KB_0017_ROMANIZED_NEPALI_VOWEL_CONSONANT_ASPIRATION_AND_NASALIZATION_RULES.txt,MALFORMED_RECORD_HEADER,RECORD_ID: LEX.EXAMPLE.013,,2424
ERROR,0017,ORBIX_NP_LANG_KB_0017_ROMANIZED_NEPALI_VOWEL_CONSONANT_ASPIRATION_AND_NASALIZATION_RULES.txt,MALFORMED_RECORD_HEADER,RECORD_ID: LEX.EXAMPLE.014,,2432
ERROR,0017,ORBIX_NP_LANG_KB_0017_ROMANIZED_NEPALI_VOWEL_CONSONANT_ASPIRATION_AND_NASALIZATION_RULES.txt,MALFORMED_RECORD_HEADER,RECORD_ID: LEX.EXAMPLE.015,,2439
ERROR,0017,ORBIX_NP_LANG_KB_0017_ROMANIZED_NEPALI_VOWEL_CONSONANT_ASPIRATION_AND_NASALIZATION_RULES.txt,MALFORMED_RECORD_HEADER,RECORD_ID: LEX.EXAMPLE.016,,2446
ERROR,0017,ORBIX_NP_LANG_KB_0017_ROMANIZED_NEPALI_VOWEL_CONSONANT_ASPIRATION_AND_NASALIZATION_RULES.txt,MALFORMED_RECORD_HEADER,RECORD_ID: LEX.EXAMPLE.017,,2453
ERROR,0017,ORBIX_NP_LANG_KB_0017_ROMANIZED_NEPALI_VOWEL_CONSONANT_ASPIRATION_AND_NASALIZATION_RULES.txt,MALFORMED_RECORD_HEADER,RECORD_ID: LEX.EXAMPLE.018,,2461
ERROR,0017,ORBIX_NP_LANG_KB_0017_ROMANIZED_NEPALI_VOWEL_CONSONANT_ASPIRATION_AND_NASALIZATION_RULES.txt,MALFORMED_RECORD_HEADER,RECORD_ID: LEX.EXAMPLE.019,,2468
ERROR,0017,ORBIX_NP_LANG_KB_0017_ROMANIZED_NEPALI_VOWEL_CONSONANT_ASPIRATION_AND_NASALIZATION_RULES.txt,MALFORMED_RECORD_HEADER,RECORD_ID: LEX.EXAMPLE.020,,2475
ERROR,0017,ORBIX_NP_LANG_KB_0017_ROMANIZED_NEPALI_VOWEL_CONSONANT_ASPIRATION_AND_NASALIZATION_RULES.txt,MALFORMED_RECORD_HEADER,RECORD_ID: LEX.EXAMPLE.021,,2482
ERROR,0017,ORBIX_NP_LANG_KB_0017_ROMANIZED_NEPALI_VOWEL_CONSONANT_ASPIRATION_AND_NASALIZATION_RULES.txt,MALFORMED_RECORD_HEADER,RECORD_ID: LEX.EXAMPLE.022,,2490
ERROR,0017,ORBIX_NP_LANG_KB_0017_ROMANIZED_NEPALI_VOWEL_CONSONANT_ASPIRATION_AND_NASALIZATION_RULES.txt,MALFORMED_RECORD_HEADER,RECORD_ID: LEX.EXAMPLE.023,,2497
ERROR,0017,ORBIX_NP_LANG_KB_0017_ROMANIZED_NEPALI_VOWEL_CONSONANT_ASPIRATION_AND_NASALIZATION_RULES.txt,MALFORMED_RECORD_HEADER,RECORD_ID: LEX.EXAMPLE.024,,2504
ERROR,0017,ORBIX_NP_LANG_KB_0017_ROMANIZED_NEPALI_VOWEL_CONSONANT_ASPIRATION_AND_NASALIZATION_RULES.txt,MALFORMED_RECORD_HEADER,RECORD_ID: LEX.EXAMPLE.025,,2511
ERROR,0017,ORBIX_NP_LANG_KB_0017_ROMANIZED_NEPALI_VOWEL_CONSONANT_ASPIRATION_AND_NASALIZATION_RULES.txt,MALFORMED_RECORD_HEADER,RECORD_ID: LEX.EXAMPLE.026,,2519
ERROR,0017,ORBIX_NP_LANG_KB_0017_ROMANIZED_NEPALI_VOWEL_CONSONANT_ASPIRATION_AND_NASALIZATION_RULES.txt,MALFORMED_RECORD_HEADER,RECORD_ID: LEX.EXAMPLE.027,,2526
ERROR,0017,ORBIX_NP_LANG_KB_0017_ROMANIZED_NEPALI_VOWEL_CONSONANT_ASPIRATION_AND_NASALIZATION_RULES.txt,MALFORMED_RECORD_HEADER,RECORD_ID: LEX.EXAMPLE.028,,2533
ERROR,0017,ORBIX_NP_LANG_KB_0017_ROMANIZED_NEPALI_VOWEL_CONSONANT_ASPIRATION_AND_NASALIZATION_RULES.txt,MALFORMED_RECORD_HEADER,RECORD_ID: LEX.EXAMPLE.029,,2540
ERROR,0017,ORBIX_NP_LANG_KB_0017_ROMANIZED_NEPALI_VOWEL_CONSONANT_ASPIRATION_AND_NASALIZATION_RULES.txt,MALFORMED_RECORD_HEADER,RECORD_ID: LEX.EXAMPLE.030,,2547
ERROR,0017,ORBIX_NP_LANG_KB_0017_ROMANIZED_NEPALI_VOWEL_CONSONANT_ASPIRATION_AND_NASALIZATION_RULES.txt,MALFORMED_RECORD_HEADER,RECORD_ID: LEX.EXAMPLE.031,,2554
ERROR,0017,ORBIX_NP_LANG_KB_0017_ROMANIZED_NEPALI_VOWEL_CONSONANT_ASPIRATION_AND_NASALIZATION_RULES.txt,MALFORMED_RECORD_HEADER,RECORD_ID: LEX.EXAMPLE.032,,2561
ERROR,0017,ORBIX_NP_LANG_KB_0017_ROMANIZED_NEPALI_VOWEL_CONSONANT_ASPIRATION_AND_NASALIZATION_RULES.txt,MALFORMED_RECORD_HEADER,RECORD_ID: LEX.EXAMPLE.033,,2569
ERROR,0017,ORBIX_NP_LANG_KB_0017_ROMANIZED_NEPALI_VOWEL_CONSONANT_ASPIRATION_AND_NASALIZATION_RULES.txt,MALFORMED_RECORD_HEADER,RECORD_ID: LEX.EXAMPLE.034,,2576
ERROR,0017,ORBIX_NP_LANG_KB_0017_ROMANIZED_NEPALI_VOWEL_CONSONANT_ASPIRATION_AND_NASALIZATION_RULES.txt,MALFORMED_RECORD_HEADER,RECORD_ID: LEX.EXAMPLE.035,,2583
ERROR,0017,ORBIX_NP_LANG_KB_0017_ROMANIZED_NEPALI_VOWEL_CONSONANT_ASPIRATION_AND_NASALIZATION_RULES.txt,MALFORMED_RECORD_HEADER,RECORD_ID: LEX.EXAMPLE.036,,2590
ERROR,0017,ORBIX_NP_LANG_KB_0017_ROMANIZED_NEPALI_VOWEL_CONSONANT_ASPIRATION_AND_NASALIZATION_RULES.txt,MALFORMED_RECORD_HEADER,RECORD_ID: LEX.EXAMPLE.037,,2597
ERROR,0017,ORBIX_NP_LANG_KB_0017_ROMANIZED_NEPALI_VOWEL_CONSONANT_ASPIRATION_AND_NASALIZATION_RULES.txt,MALFORMED_RECORD_HEADER,RECORD_ID: LEX.EXAMPLE.038,,2604
ERROR,0017,ORBIX_NP_LANG_KB_0017_ROMANIZED_NEPALI_VOWEL_CONSONANT_ASPIRATION_AND_NASALIZATION_RULES.txt,MALFORMED_RECORD_HEADER,RECORD_ID: LEX.EXAMPLE.039,,2612
ERROR,0017,ORBIX_NP_LANG_KB_0017_ROMANIZED_NEPALI_VOWEL_CONSONANT_ASPIRATION_AND_NASALIZATION_RULES.txt,MALFORMED_RECORD_HEADER,RECORD_ID: LEX.EXAMPLE.040,,2620
ERROR,0017,ORBIX_NP_LANG_KB_0017_ROMANIZED_NEPALI_VOWEL_CONSONANT_ASPIRATION_AND_NASALIZATION_RULES.txt,MALFORMED_RECORD_HEADER,RECORD_ID: LEX.EXAMPLE.041,,2627
ERROR,0017,ORBIX_NP_LANG_KB_0017_ROMANIZED_NEPALI_VOWEL_CONSONANT_ASPIRATION_AND_NASALIZATION_RULES.txt,MALFORMED_RECORD_HEADER,RECORD_ID: LEX.EXAMPLE.042,,2635
ERROR,0017,ORBIX_NP_LANG_KB_0017_ROMANIZED_NEPALI_VOWEL_CONSONANT_ASPIRATION_AND_NASALIZATION_RULES.txt,MALFORMED_RECORD_HEADER,RECORD_ID: MIXED.EXAMPLE.001,,2680
ERROR,0017,ORBIX_NP_LANG_KB_0017_ROMANIZED_NEPALI_VOWEL_CONSONANT_ASPIRATION_AND_NASALIZATION_RULES.txt,MALFORMED_RECORD_HEADER,RECORD_ID: MIXED.EXAMPLE.002,,2691
ERROR,0017,ORBIX_NP_LANG_KB_0017_ROMANIZED_NEPALI_VOWEL_CONSONANT_ASPIRATION_AND_NASALIZATION_RULES.txt,MALFORMED_RECORD_HEADER,RECORD_ID: MIXED.EXAMPLE.003,,2699
ERROR,0017,ORBIX_NP_LANG_KB_0017_ROMANIZED_NEPALI_VOWEL_CONSONANT_ASPIRATION_AND_NASALIZATION_RULES.txt,MALFORMED_RECORD_HEADER,RECORD_ID: MIXED.EXAMPLE.004,,2708
ERROR,0017,ORBIX_NP_LANG_KB_0017_ROMANIZED_NEPALI_VOWEL_CONSONANT_ASPIRATION_AND_NASALIZATION_RULES.txt,MALFORMED_RECORD_HEADER,RECORD_ID: MIXED.EXAMPLE.005,,2716
ERROR,0017,ORBIX_NP_LANG_KB_0017_ROMANIZED_NEPALI_VOWEL_CONSONANT_ASPIRATION_AND_NASALIZATION_RULES.txt,MALFORMED_RECORD_HEADER,RECORD_ID: MIXED.EXAMPLE.006,,2724
ERROR,0017,ORBIX_NP_LANG_KB_0017_ROMANIZED_NEPALI_VOWEL_CONSONANT_ASPIRATION_AND_NASALIZATION_RULES.txt,MALFORMED_RECORD_HEADER,RECORD_ID: MIXED.EXAMPLE.007,,2731
ERROR,0017,ORBIX_NP_LANG_KB_0017_ROMANIZED_NEPALI_VOWEL_CONSONANT_ASPIRATION_AND_NASALIZATION_RULES.txt,MALFORMED_RECORD_HEADER,RECORD_ID: MIXED.EXAMPLE.008,,2740
ERROR,0017,ORBIX_NP_LANG_KB_0017_ROMANIZED_NEPALI_VOWEL_CONSONANT_ASPIRATION_AND_NASALIZATION_RULES.txt,MALFORMED_RECORD_HEADER,RECORD_ID: RANK-01,,2750
ERROR,0017,ORBIX_NP_LANG_KB_0017_ROMANIZED_NEPALI_VOWEL_CONSONANT_ASPIRATION_AND_NASALIZATION_RULES.txt,MALFORMED_RECORD_HEADER,RECORD_ID: RANK-02,,2755
ERROR,0017,ORBIX_NP_LANG_KB_0017_ROMANIZED_NEPALI_VOWEL_CONSONANT_ASPIRATION_AND_NASALIZATION_RULES.txt,MALFORMED_RECORD_HEADER,RECORD_ID: RANK-03,,2760
ERROR,0017,ORBIX_NP_LANG_KB_0017_ROMANIZED_NEPALI_VOWEL_CONSONANT_ASPIRATION_AND_NASALIZATION_RULES.txt,MALFORMED_RECORD_HEADER,RECORD_ID: RANK-04,,2765
ERROR,0017,ORBIX_NP_LANG_KB_0017_ROMANIZED_NEPALI_VOWEL_CONSONANT_ASPIRATION_AND_NASALIZATION_RULES.txt,MALFORMED_RECORD_HEADER,RECORD_ID: RANK-05,,2770
ERROR,0017,ORBIX_NP_LANG_KB_0017_ROMANIZED_NEPALI_VOWEL_CONSONANT_ASPIRATION_AND_NASALIZATION_RULES.txt,MALFORMED_RECORD_HEADER,RECORD_ID: RANK-06,,2775
ERROR,0017,ORBIX_NP_LANG_KB_0017_ROMANIZED_NEPALI_VOWEL_CONSONANT_ASPIRATION_AND_NASALIZATION_RULES.txt,MALFORMED_RECORD_HEADER,RECORD_ID: RANK-07,,2780
ERROR,0017,ORBIX_NP_LANG_KB_0017_ROMANIZED_NEPALI_VOWEL_CONSONANT_ASPIRATION_AND_NASALIZATION_RULES.txt,MALFORMED_RECORD_HEADER,RECORD_ID: RANK-08,,2785
ERROR,0017,ORBIX_NP_LANG_KB_0017_ROMANIZED_NEPALI_VOWEL_CONSONANT_ASPIRATION_AND_NASALIZATION_RULES.txt,MALFORMED_RECORD_HEADER,RECORD_ID: RANK-09,,2790
ERROR,0017,ORBIX_NP_LANG_KB_0017_ROMANIZED_NEPALI_VOWEL_CONSONANT_ASPIRATION_AND_NASALIZATION_RULES.txt,MALFORMED_RECORD_HEADER,RECORD_ID: RANK-10,,2795
ERROR,0017,ORBIX_NP_LANG_KB_0017_ROMANIZED_NEPALI_VOWEL_CONSONANT_ASPIRATION_AND_NASALIZATION_RULES.txt,MALFORMED_RECORD_HEADER,RECORD_ID: RANK-11,,2800
ERROR,0017,ORBIX_NP_LANG_KB_0017_ROMANIZED_NEPALI_VOWEL_CONSONANT_ASPIRATION_AND_NASALIZATION_RULES.txt,MALFORMED_RECORD_HEADER,RECORD_ID: RANK-12,,2805
ERROR,0017,ORBIX_NP_LANG_KB_0017_ROMANIZED_NEPALI_VOWEL_CONSONANT_ASPIRATION_AND_NASALIZATION_RULES.txt,MALFORMED_RECORD_HEADER,RECORD_ID: RANK-13,,2810
ERROR,0017,ORBIX_NP_LANG_KB_0017_ROMANIZED_NEPALI_VOWEL_CONSONANT_ASPIRATION_AND_NASALIZATION_RULES.txt,MALFORMED_RECORD_HEADER,RECORD_ID: RANK-14,,2815
ERROR,0017,ORBIX_NP_LANG_KB_0017_ROMANIZED_NEPALI_VOWEL_CONSONANT_ASPIRATION_AND_NASALIZATION_RULES.txt,MALFORMED_RECORD_HEADER,RECORD_ID: RANK-15,,2820
ERROR,0017,ORBIX_NP_LANG_KB_0017_ROMANIZED_NEPALI_VOWEL_CONSONANT_ASPIRATION_AND_NASALIZATION_RULES.txt,MALFORMED_RECORD_HEADER,RECORD_ID: CONF.001,,2828
ERROR,0017,ORBIX_NP_LANG_KB_0017_ROMANIZED_NEPALI_VOWEL_CONSONANT_ASPIRATION_AND_NASALIZATION_RULES.txt,MALFORMED_RECORD_HEADER,RECORD_ID: CONF.002,,2833
ERROR,0017,ORBIX_NP_LANG_KB_0017_ROMANIZED_NEPALI_VOWEL_CONSONANT_ASPIRATION_AND_NASALIZATION_RULES.txt,MALFORMED_RECORD_HEADER,RECORD_ID: CONF.003,,2838
ERROR,0017,ORBIX_NP_LANG_KB_0017_ROMANIZED_NEPALI_VOWEL_CONSONANT_ASPIRATION_AND_NASALIZATION_RULES.txt,MALFORMED_RECORD_HEADER,RECORD_ID: CONF.004,,2843
ERROR,0017,ORBIX_NP_LANG_KB_0017_ROMANIZED_NEPALI_VOWEL_CONSONANT_ASPIRATION_AND_NASALIZATION_RULES.txt,MALFORMED_RECORD_HEADER,RECORD_ID: CONF.005,,2848
ERROR,0017,ORBIX_NP_LANG_KB_0017_ROMANIZED_NEPALI_VOWEL_CONSONANT_ASPIRATION_AND_NASALIZATION_RULES.txt,MALFORMED_RECORD_HEADER,RECORD_ID: CONF.006,,2853
ERROR,0017,ORBIX_NP_LANG_KB_0017_ROMANIZED_NEPALI_VOWEL_CONSONANT_ASPIRATION_AND_NASALIZATION_RULES.txt,MALFORMED_RECORD_HEADER,RECORD_ID: CONF.007,,2858
ERROR,0017,ORBIX_NP_LANG_KB_0017_ROMANIZED_NEPALI_VOWEL_CONSONANT_ASPIRATION_AND_NASALIZATION_RULES.txt,MALFORMED_RECORD_HEADER,RECORD_ID: CONF.008,,2863
ERROR,0017,ORBIX_NP_LANG_KB_0017_ROMANIZED_NEPALI_VOWEL_CONSONANT_ASPIRATION_AND_NASALIZATION_RULES.txt,MALFORMED_RECORD_HEADER,RECORD_ID: CONF.009,,2868
ERROR,0017,ORBIX_NP_LANG_KB_0017_ROMANIZED_NEPALI_VOWEL_CONSONANT_ASPIRATION_AND_NASALIZATION_RULES.txt,MALFORMED_RECORD_HEADER,RECORD_ID: CONF.010,,2873
ERROR,0017,ORBIX_NP_LANG_KB_0017_ROMANIZED_NEPALI_VOWEL_CONSONANT_ASPIRATION_AND_NASALIZATION_RULES.txt,MALFORMED_RECORD_HEADER,RECORD_ID: CONF.011,,2878
ERROR,0017,ORBIX_NP_LANG_KB_0017_ROMANIZED_NEPALI_VOWEL_CONSONANT_ASPIRATION_AND_NASALIZATION_RULES.txt,MALFORMED_RECORD_HEADER,RECORD_ID: CONF.012,,2883
ERROR,0017,ORBIX_NP_LANG_KB_0017_ROMANIZED_NEPALI_VOWEL_CONSONANT_ASPIRATION_AND_NASALIZATION_RULES.txt,MALFORMED_RECORD_HEADER,RECORD_ID: CONF.013,,2888
ERROR,0017,ORBIX_NP_LANG_KB_0017_ROMANIZED_NEPALI_VOWEL_CONSONANT_ASPIRATION_AND_NASALIZATION_RULES.txt,MALFORMED_RECORD_HEADER,RECORD_ID: CONF.014,,2893
ERROR,0017,ORBIX_NP_LANG_KB_0017_ROMANIZED_NEPALI_VOWEL_CONSONANT_ASPIRATION_AND_NASALIZATION_RULES.txt,MALFORMED_RECORD_HEADER,RECORD_ID: CONF.015,,2898
ERROR,0017,ORBIX_NP_LANG_KB_0017_ROMANIZED_NEPALI_VOWEL_CONSONANT_ASPIRATION_AND_NASALIZATION_RULES.txt,MALFORMED_RECORD_HEADER,RECORD_ID: METRIC-001,,5304
ERROR,0017,ORBIX_NP_LANG_KB_0017_ROMANIZED_NEPALI_VOWEL_CONSONANT_ASPIRATION_AND_NASALIZATION_RULES.txt,MALFORMED_RECORD_HEADER,RECORD_ID: METRIC-002,,5308
ERROR,0017,ORBIX_NP_LANG_KB_0017_ROMANIZED_NEPALI_VOWEL_CONSONANT_ASPIRATION_AND_NASALIZATION_RULES.txt,MALFORMED_RECORD_HEADER,RECORD_ID: METRIC-003,,5312
ERROR,0017,ORBIX_NP_LANG_KB_0017_ROMANIZED_NEPALI_VOWEL_CONSONANT_ASPIRATION_AND_NASALIZATION_RULES.txt,MALFORMED_RECORD_HEADER,RECORD_ID: METRIC-004,,5316
ERROR,0017,ORBIX_NP_LANG_KB_0017_ROMANIZED_NEPALI_VOWEL_CONSONANT_ASPIRATION_AND_NASALIZATION_RULES.txt,MALFORMED_RECORD_HEADER,RECORD_ID: METRIC-005,,5320
ERROR,0017,ORBIX_NP_LANG_KB_0017_ROMANIZED_NEPALI_VOWEL_CONSONANT_ASPIRATION_AND_NASALIZATION_RULES.txt,MALFORMED_RECORD_HEADER,RECORD_ID: METRIC-006,,5324
ERROR,0017,ORBIX_NP_LANG_KB_0017_ROMANIZED_NEPALI_VOWEL_CONSONANT_ASPIRATION_AND_NASALIZATION_RULES.txt,MALFORMED_RECORD_HEADER,RECORD_ID: METRIC-007,,5328
ERROR,0017,ORBIX_NP_LANG_KB_0017_ROMANIZED_NEPALI_VOWEL_CONSONANT_ASPIRATION_AND_NASALIZATION_RULES.txt,MALFORMED_RECORD_HEADER,RECORD_ID: METRIC-008,,5332
ERROR,0017,ORBIX_NP_LANG_KB_0017_ROMANIZED_NEPALI_VOWEL_CONSONANT_ASPIRATION_AND_NASALIZATION_RULES.txt,MALFORMED_RECORD_HEADER,RECORD_ID: METRIC-009,,5336
ERROR,0017,ORBIX_NP_LANG_KB_0017_ROMANIZED_NEPALI_VOWEL_CONSONANT_ASPIRATION_AND_NASALIZATION_RULES.txt,MALFORMED_RECORD_HEADER,RECORD_ID: METRIC-010,,5340
ERROR,0017,ORBIX_NP_LANG_KB_0017_ROMANIZED_NEPALI_VOWEL_CONSONANT_ASPIRATION_AND_NASALIZATION_RULES.txt,MALFORMED_RECORD_HEADER,RECORD_ID: METRIC-011,,5344
ERROR,0017,ORBIX_NP_LANG_KB_0017_ROMANIZED_NEPALI_VOWEL_CONSONANT_ASPIRATION_AND_NASALIZATION_RULES.txt,MALFORMED_RECORD_HEADER,RECORD_ID: METRIC-012,,5348
ERROR,0017,ORBIX_NP_LANG_KB_0017_ROMANIZED_NEPALI_VOWEL_CONSONANT_ASPIRATION_AND_NASALIZATION_RULES.txt,MALFORMED_RECORD_HEADER,RECORD_ID: METRIC-013,,5352
ERROR,0017,ORBIX_NP_LANG_KB_0017_ROMANIZED_NEPALI_VOWEL_CONSONANT_ASPIRATION_AND_NASALIZATION_RULES.txt,MALFORMED_RECORD_HEADER,RECORD_ID: METRIC-014,,5356
ERROR,0017,ORBIX_NP_LANG_KB_0017_ROMANIZED_NEPALI_VOWEL_CONSONANT_ASPIRATION_AND_NASALIZATION_RULES.txt,MALFORMED_RECORD_HEADER,RECORD_ID: METRIC-015,,5360
